resampling_unit,comparison,metric,estimate,ci_lower_95,ci_upper_95,zero_denominator_frequency,bootstrap_samples,valid_replicates,interval_status,cluster_count
pitcher,context,episode_recall,0.10174717368961973,0.07826157513870372,0.12540244005761245,0.0,1000,1000,ok,35
pitcher,context,warning_precision,0.33,0.2821205357142857,0.3797697808711614,0.0,1000,1000,ok,35
pitcher,context,false_warnings_per_outing,0.45067264573991034,0.38850771607298534,0.5125590065443622,0.0,1000,1000,ok,35
pitcher,context,risk_ratio_alert_vs_no_alert,0.9663574312135897,0.8233532601990378,1.0992921068970878,0.0,1000,1000,ok,35
pitcher,proposed,episode_recall,0.052415210688591986,0.03650263220132617,0.07242021556718042,0.0,1000,1000,ok,35
pitcher,proposed,warning_precision,0.2361111111111111,0.1844626638629144,0.2946371136045569,0.0,1000,1000,ok,35
pitcher,proposed,false_warnings_per_outing,0.36995515695067266,0.2914847363552266,0.4519952143366256,0.0,1000,1000,ok,35
pitcher,proposed,risk_ratio_alert_vs_no_alert,0.9574732492279716,0.7057555175469862,1.234937821830607,0.0,1000,1000,ok,35
pitcher,pitch_count,episode_recall,0.09044193216855087,0.07350917418905525,0.10641090295805156,0.0,1000,1000,ok,35
pitcher,pitch_count,warning_precision,0.3283582089552239,0.2766590909090909,0.3778725522734816,0.0,1000,1000,ok,35
pitcher,pitch_count,false_warnings_per_outing,0.40358744394618834,0.3479977361722956,0.4653727211031249,0.0,1000,1000,ok,35
pitcher,pitch_count,risk_ratio_alert_vs_no_alert,0.9279933819387947,0.7896173506506763,1.0663347959777434,0.0,1000,1000,ok,35
pitcher,proposed_minus_context,episode_recall,-0.04933196300102775,-0.06263472390677541,-0.03516923015980805,0.0,1000,1000,ok,35
pitcher,proposed_minus_context,warning_precision,-0.09388888888888891,-0.13641346955796496,-0.05040646959606963,0.0,1000,1000,ok,35
pitcher,proposed_minus_context,false_warnings_per_outing,-0.08071748878923768,-0.13490633529172522,-0.022207792207792253,0.0,1000,1000,ok,35
pitcher,proposed_minus_context,risk_ratio_alert_vs_no_alert,-0.008884181985618134,-0.20548556418677386,0.20207309505175627,0.0,1000,1000,ok,35
pitcher,proposed_minus_pitch_count,episode_recall,-0.038026721479958885,-0.06543519528252352,-0.010179973185684033,0.0,1000,1000,ok,35
pitcher,proposed_minus_pitch_count,warning_precision,-0.09224709784411278,-0.17135828694956215,-0.015423788473955516,0.0,1000,1000,ok,35
pitcher,proposed_minus_pitch_count,false_warnings_per_outing,-0.03363228699551568,-0.12674277820447175,0.07062585499315999,0.0,1000,1000,ok,35
pitcher,proposed_minus_pitch_count,risk_ratio_alert_vs_no_alert,0.029479867289176953,-0.2882560995732157,0.35524898306939207,0.0,1000,1000,ok,35
