game_pk,pitcher,warning_pitch,warning_pa,game_date,dataset_split,actual_data_source,is_evaluable_warning,episode_id,onset_pitch,onset_pa,lead_time_pitches,lead_time_pas,model_key
744813,641482,32,10,2024-08-26,assessment,mlb_statcast,True,2,44,13,12,3,context
744877,592332,65,19,2024-09-25,assessment,mlb_statcast,True,1,70,21,5,2,context
744882,592332,94,28,2024-09-13,assessment,mlb_statcast,True,3,101,31,7,3,context
744887,650911,68,19,2024-09-04,assessment,mlb_statcast,True,2,82,24,14,5,context
744908,592332,32,10,2024-07-27,assessment,mlb_statcast,True,1,41,11,9,1,context
744909,592332,66,19,2024-07-21,assessment,mlb_statcast,True,2,72,21,6,2,context
745066,594902,26,10,2024-07-14,assessment,mlb_statcast,True,2,41,13,15,3,context
745066,594902,62,19,2024-07-14,assessment,mlb_statcast,True,3,66,20,4,1,context
745123,502043,51,19,2024-09-20,assessment,mlb_statcast,True,3,65,24,14,5,context
745134,605397,30,10,2024-08-28,assessment,mlb_statcast,True,2,43,13,13,3,context
745150,502043,71,19,2024-07-27,assessment,mlb_statcast,True,5,81,22,10,3,context
745222,554430,67,19,2024-08-04,assessment,mlb_statcast,True,2,76,22,9,3,context
745297,657277,22,10,2024-08-21,assessment,mlb_statcast,True,3,31,12,9,2,context
745304,657277,65,19,2024-08-10,assessment,mlb_statcast,True,2,77,22,12,3,context
745306,657277,88,28,2024-07-31,assessment,mlb_statcast,True,2,97,31,9,3,context
745313,592332,59,19,2024-07-11,assessment,mlb_statcast,True,2,65,20,6,1,context
745315,607536,33,10,2024-07-26,assessment,mlb_statcast,True,3,40,12,7,2,context
745369,527048,64,19,2024-09-05,assessment,mlb_statcast,True,2,76,24,12,5,context
745372,657277,23,10,2024-09-07,assessment,mlb_statcast,True,2,29,12,6,2,context
745374,527048,33,10,2024-08-20,assessment,mlb_statcast,True,1,48,13,15,3,context
745376,527048,33,10,2024-08-25,assessment,mlb_statcast,True,2,46,13,13,3,context
745377,656849,33,10,2024-08-24,assessment,mlb_statcast,True,2,44,12,11,2,context
745377,656849,68,19,2024-08-24,assessment,mlb_statcast,True,4,78,22,10,3,context
745380,650633,69,19,2024-08-19,assessment,mlb_statcast,True,3,74,21,5,2,context
745385,519242,30,10,2024-07-14,assessment,mlb_statcast,True,3,40,12,10,2,context
745449,663903,64,19,2024-09-15,assessment,mlb_statcast,True,3,78,23,14,4,context
745469,650633,70,19,2024-08-07,assessment,mlb_statcast,True,2,72,20,2,1,context
745479,622663,28,10,2024-07-05,assessment,mlb_statcast,True,2,32,11,4,1,context
745481,527048,71,19,2024-07-19,assessment,mlb_statcast,True,4,73,20,2,1,context
745481,605400,34,10,2024-07-19,assessment,mlb_statcast,True,2,44,12,10,2,context
745484,527048,60,19,2024-07-04,assessment,mlb_statcast,True,3,69,21,9,2,context
745530,650911,31,10,2024-09-15,assessment,mlb_statcast,True,1,46,14,15,4,context
745530,650911,60,19,2024-09-15,assessment,mlb_statcast,True,2,71,23,11,4,context
745532,554430,67,19,2024-08-31,assessment,mlb_statcast,True,1,82,22,15,3,context
745537,650911,29,10,2024-08-17,assessment,mlb_statcast,True,1,32,11,3,1,context
745546,605400,62,19,2024-07-30,assessment,mlb_statcast,True,3,74,23,12,4,context
745554,650911,60,19,2024-07-26,assessment,mlb_statcast,True,1,66,22,6,3,context
745557,554430,65,19,2024-07-09,assessment,mlb_statcast,True,1,69,20,4,1,context
745690,573186,34,10,2024-09-25,assessment,mlb_statcast,True,2,45,12,11,2,context
745694,573186,33,10,2024-09-10,assessment,mlb_statcast,True,2,38,12,5,2,context
745701,641482,28,10,2024-09-01,assessment,mlb_statcast,True,3,42,14,14,4,context
745718,543037,32,10,2024-08-04,assessment,mlb_statcast,True,4,40,12,8,2,context
745767,554430,62,19,2024-09-22,assessment,mlb_statcast,True,2,65,20,3,1,context
745770,656849,31,10,2024-09-20,assessment,mlb_statcast,True,2,41,12,10,2,context
745773,640455,30,10,2024-09-16,assessment,mlb_statcast,True,1,42,14,12,4,context
745773,640455,64,19,2024-09-16,assessment,mlb_statcast,True,2,67,20,3,1,context
745779,622663,67,19,2024-09-02,assessment,mlb_statcast,True,2,78,21,11,2,context
745784,640455,69,19,2024-08-16,assessment,mlb_statcast,True,2,71,20,2,1,context
745785,622663,96,28,2024-08-17,assessment,mlb_statcast,True,3,98,29,2,1,context
745795,656849,32,10,2024-07-28,assessment,mlb_statcast,True,2,42,12,10,2,context
745796,622663,64,19,2024-07-10,assessment,mlb_statcast,True,3,65,20,1,1,context
745854,665795,68,19,2024-09-25,assessment,mlb_statcast,True,3,79,22,11,3,context
745948,594902,65,19,2024-08-18,assessment,mlb_statcast,True,3,71,21,6,2,context
745967,650644,63,19,2024-07-11,assessment,mlb_statcast,True,2,70,22,7,3,context
746024,543294,60,19,2024-08-23,assessment,mlb_statcast,True,4,66,20,6,1,context
746029,665795,63,19,2024-08-20,assessment,mlb_statcast,True,4,72,21,9,2,context
746032,527048,33,10,2024-08-09,assessment,mlb_statcast,True,2,37,11,4,1,context
746034,656849,69,19,2024-07-22,assessment,mlb_statcast,True,4,78,22,9,3,context
746037,669203,31,10,2024-07-25,assessment,mlb_statcast,True,1,41,13,10,3,context
746037,669203,66,19,2024-07-25,assessment,mlb_statcast,True,2,74,21,8,2,context
746040,640455,67,19,2024-07-19,assessment,mlb_statcast,True,3,73,21,6,2,context
746098,656427,32,10,2024-09-08,assessment,mlb_statcast,True,1,34,11,2,1,context
746105,656427,30,10,2024-08-27,assessment,mlb_statcast,True,2,35,11,5,1,context
746105,656427,69,19,2024-08-27,assessment,mlb_statcast,True,4,80,22,11,3,context
746117,657277,67,19,2024-07-25,assessment,mlb_statcast,True,2,74,21,7,2,context
746266,542881,63,21,2024-08-20,assessment,mlb_statcast,True,2,70,24,7,3,context
746344,579328,67,19,2024-09-07,assessment,mlb_statcast,True,3,82,22,15,3,context
746344,593958,65,19,2024-09-07,assessment,mlb_statcast,True,3,79,22,14,3,context
746495,607536,69,19,2024-09-26,assessment,mlb_statcast,True,3,82,22,13,3,context
746508,607536,29,10,2024-09-14,assessment,mlb_statcast,True,1,39,13,10,3,context
746508,607536,58,19,2024-09-14,assessment,mlb_statcast,True,2,68,22,10,3,context
746512,607536,67,19,2024-08-28,assessment,mlb_statcast,True,2,72,20,5,1,context
746519,607536,68,19,2024-08-06,assessment,mlb_statcast,True,1,72,20,4,1,context
746519,622663,31,10,2024-08-06,assessment,mlb_statcast,True,2,42,12,11,2,context
746527,657277,68,19,2024-07-20,assessment,mlb_statcast,True,3,76,21,8,2,context
746533,607536,25,10,2024-07-05,assessment,mlb_statcast,True,4,27,11,2,1,context
746533,666142,68,19,2024-07-05,assessment,mlb_statcast,True,2,70,20,2,1,context
746596,671106,33,10,2024-08-26,assessment,mlb_statcast,True,5,39,15,6,5,context
746596,671106,51,19,2024-08-26,assessment,mlb_statcast,True,7,59,22,8,3,context
746602,593958,22,10,2024-08-07,assessment,mlb_statcast,True,2,24,11,2,1,context
746602,593958,50,19,2024-08-07,assessment,mlb_statcast,True,3,58,21,8,2,context
746750,640455,66,19,2024-09-01,assessment,mlb_statcast,True,2,79,23,13,4,context
746819,543294,30,10,2024-09-28,assessment,mlb_statcast,True,1,41,12,11,2,context
746852,543294,32,10,2024-07-20,assessment,mlb_statcast,True,1,40,12,8,2,context
746857,650911,33,10,2024-07-04,assessment,mlb_statcast,True,2,47,14,14,4,context
746919,641540,67,19,2024-08-14,assessment,mlb_statcast,True,3,72,21,5,2,context
746920,669194,27,10,2024-08-23,assessment,mlb_statcast,True,2,39,13,12,3,context
746933,641482,64,22,2024-07-26,assessment,mlb_statcast,True,2,70,24,6,2,context
746984,669203,59,19,2024-09-20,assessment,mlb_statcast,True,1,71,22,12,3,context
746989,669203,69,19,2024-09-08,assessment,mlb_statcast,True,3,76,21,7,2,context
746998,669203,67,19,2024-08-22,assessment,mlb_statcast,True,3,78,22,11,3,context
747005,669203,33,10,2024-07-30,assessment,mlb_statcast,True,1,48,14,15,4,context
747146,593958,29,10,2024-09-28,assessment,mlb_statcast,True,1,31,11,2,1,context
747146,593958,56,19,2024-09-28,assessment,mlb_statcast,True,2,61,20,5,1,context
747159,656849,30,10,2024-08-29,assessment,mlb_statcast,True,1,36,11,6,1,context
747164,605400,33,10,2024-08-10,assessment,mlb_statcast,True,4,36,11,3,1,context
747166,650911,28,10,2024-08-11,assessment,mlb_statcast,True,4,43,14,15,4,context
747168,669194,67,19,2024-08-09,assessment,mlb_statcast,True,2,75,21,8,2,context
747175,669194,66,19,2024-07-12,assessment,mlb_statcast,True,2,67,20,1,1,context
744840,656849,34,10,2024-07-01,assessment,mlb_statcast,True,3,41,11,7,1,proposed
744882,592332,95,28,2024-09-13,assessment,mlb_statcast,True,3,101,31,6,3,proposed
744909,592332,67,20,2024-07-21,assessment,mlb_statcast,True,2,72,21,5,1,proposed
745066,594902,28,10,2024-07-14,assessment,mlb_statcast,True,2,41,13,13,3,proposed
745123,502043,51,19,2024-09-20,assessment,mlb_statcast,True,3,65,24,14,5,proposed
745199,641482,73,19,2024-09-18,assessment,mlb_statcast,True,2,81,22,8,3,proposed
745297,657277,22,10,2024-08-21,assessment,mlb_statcast,True,3,31,12,9,2,proposed
745306,657277,88,28,2024-07-31,assessment,mlb_statcast,True,2,97,31,9,3,proposed
745313,592332,59,19,2024-07-11,assessment,mlb_statcast,True,2,65,20,6,1,proposed
745369,527048,68,21,2024-09-05,assessment,mlb_statcast,True,2,76,24,8,3,proposed
745372,657277,23,10,2024-09-07,assessment,mlb_statcast,True,2,29,12,6,2,proposed
745380,650633,70,19,2024-08-19,assessment,mlb_statcast,True,3,74,21,4,2,proposed
745449,663903,36,10,2024-09-15,assessment,mlb_statcast,True,1,51,15,15,5,proposed
745481,527048,39,11,2024-07-19,assessment,mlb_statcast,True,3,52,15,13,4,proposed
745484,527048,61,19,2024-07-04,assessment,mlb_statcast,True,3,69,21,8,2,proposed
745530,650911,62,20,2024-09-15,assessment,mlb_statcast,True,2,71,23,9,3,proposed
745537,650911,31,10,2024-08-17,assessment,mlb_statcast,True,1,32,11,1,1,proposed
745537,650911,68,21,2024-08-17,assessment,mlb_statcast,True,2,83,25,15,4,proposed
745546,605400,63,19,2024-07-30,assessment,mlb_statcast,True,3,74,23,11,4,proposed
745554,650911,60,19,2024-07-26,assessment,mlb_statcast,True,1,66,22,6,3,proposed
745701,641482,34,12,2024-09-01,assessment,mlb_statcast,True,3,42,14,8,2,proposed
745767,554430,62,19,2024-09-22,assessment,mlb_statcast,True,2,65,20,3,1,proposed
745773,640455,30,10,2024-09-16,assessment,mlb_statcast,True,1,42,14,12,4,proposed
745785,622663,96,28,2024-08-17,assessment,mlb_statcast,True,3,98,29,2,1,proposed
745790,656849,70,19,2024-08-14,assessment,mlb_statcast,True,2,71,20,1,1,proposed
746029,665795,63,19,2024-08-20,assessment,mlb_statcast,True,4,72,21,9,2,proposed
746101,543294,77,19,2024-09-09,assessment,mlb_statcast,True,2,85,21,8,2,proposed
746266,542881,55,19,2024-08-20,assessment,mlb_statcast,True,2,70,24,15,5,proposed
746344,579328,68,19,2024-09-07,assessment,mlb_statcast,True,3,82,22,14,3,proposed
746344,593958,67,19,2024-09-07,assessment,mlb_statcast,True,3,79,22,12,3,proposed
746508,607536,58,19,2024-09-14,assessment,mlb_statcast,True,2,68,22,10,3,proposed
746515,607536,31,10,2024-08-17,assessment,mlb_statcast,True,2,44,13,13,3,proposed
746527,657277,70,19,2024-07-20,assessment,mlb_statcast,True,3,76,21,6,2,proposed
746533,607536,26,10,2024-07-05,assessment,mlb_statcast,True,4,27,11,1,1,proposed
746533,607536,67,22,2024-07-05,assessment,mlb_statcast,True,5,80,26,13,4,proposed
746596,671106,51,19,2024-08-26,assessment,mlb_statcast,True,7,59,22,8,3,proposed
746602,593958,22,10,2024-08-07,assessment,mlb_statcast,True,2,24,11,2,1,proposed
746602,593958,50,19,2024-08-07,assessment,mlb_statcast,True,3,58,21,8,2,proposed
746693,681857,73,19,2024-07-05,assessment,mlb_statcast,True,2,78,20,5,1,proposed
746750,640455,68,19,2024-09-01,assessment,mlb_statcast,True,2,79,23,11,4,proposed
746819,543294,30,10,2024-09-28,assessment,mlb_statcast,True,1,41,12,11,2,proposed
746852,543294,39,11,2024-07-20,assessment,mlb_statcast,True,1,40,12,1,1,proposed
746933,641482,55,19,2024-07-26,assessment,mlb_statcast,True,2,70,24,15,5,proposed
746984,669203,59,19,2024-09-20,assessment,mlb_statcast,True,1,71,22,12,3,proposed
746989,669203,69,19,2024-09-08,assessment,mlb_statcast,True,3,76,21,7,2,proposed
747080,519242,35,10,2024-08-23,assessment,mlb_statcast,True,1,43,14,8,4,proposed
747103,657277,72,19,2024-07-04,assessment,mlb_statcast,True,4,87,23,15,4,proposed
747146,593958,57,19,2024-09-28,assessment,mlb_statcast,True,2,61,20,4,1,proposed
747159,656849,30,10,2024-08-29,assessment,mlb_statcast,True,1,36,11,6,1,proposed
747166,650911,33,11,2024-08-11,assessment,mlb_statcast,True,4,43,14,10,3,proposed
747166,650911,68,21,2024-08-11,assessment,mlb_statcast,True,5,83,24,15,3,proposed
744798,605400,83,21,2024-09-29,assessment,mlb_statcast,True,2,87,22,4,1,pitch_count
744813,641482,83,23,2024-08-26,assessment,mlb_statcast,True,4,87,25,4,2,pitch_count
744838,640455,83,24,2024-07-02,assessment,mlb_statcast,True,1,84,25,1,1,pitch_count
744910,579328,83,22,2024-07-20,assessment,mlb_statcast,True,2,88,23,5,1,pitch_count
744911,656427,83,19,2024-07-19,assessment,mlb_statcast,True,2,90,21,7,2,pitch_count
744915,579328,83,20,2024-07-03,assessment,mlb_statcast,True,2,87,21,4,1,pitch_count
744964,573186,83,19,2024-09-04,assessment,mlb_statcast,True,3,85,20,2,1,pitch_count
744981,579328,83,20,2024-08-07,assessment,mlb_statcast,True,3,85,21,2,1,pitch_count
744996,650633,83,19,2024-07-04,assessment,mlb_statcast,True,2,87,21,4,2,pitch_count
745065,641482,83,21,2024-07-11,assessment,mlb_statcast,True,3,90,22,7,1,pitch_count
745134,605397,83,24,2024-08-28,assessment,mlb_statcast,True,3,88,25,5,1,pitch_count
745216,622663,83,20,2024-08-11,assessment,mlb_statcast,True,3,86,21,3,1,pitch_count
745232,542881,83,21,2024-07-22,assessment,mlb_statcast,True,2,87,22,4,1,pitch_count
745237,592332,83,20,2024-07-05,assessment,mlb_statcast,True,4,96,25,13,5,pitch_count
745296,665795,83,20,2024-08-31,assessment,mlb_statcast,True,4,95,24,12,4,pitch_count
745306,657277,83,25,2024-07-31,assessment,mlb_statcast,True,2,97,31,14,6,pitch_count
745447,679525,83,20,2024-09-13,assessment,mlb_statcast,True,3,95,23,12,3,pitch_count
745472,527048,83,24,2024-07-24,assessment,mlb_statcast,True,3,87,25,4,1,pitch_count
745479,622663,83,26,2024-07-05,assessment,mlb_statcast,True,5,87,27,4,1,pitch_count
745525,554430,83,21,2024-09-11,assessment,mlb_statcast,True,4,92,24,9,3,pitch_count
745527,605400,83,22,2024-09-23,assessment,mlb_statcast,True,2,95,26,12,4,pitch_count
745529,605400,83,20,2024-09-13,assessment,mlb_statcast,True,3,85,21,2,1,pitch_count
745531,650911,83,21,2024-08-29,assessment,mlb_statcast,True,3,84,22,1,1,pitch_count
745545,554430,83,18,2024-08-15,assessment,mlb_statcast,True,3,84,19,1,1,pitch_count
745636,656427,83,20,2024-08-03,assessment,mlb_statcast,True,2,85,22,2,2,pitch_count
745691,543037,83,17,2024-09-26,assessment,mlb_statcast,True,2,84,18,1,1,pitch_count
745705,543037,83,20,2024-08-22,assessment,mlb_statcast,True,4,89,22,6,2,pitch_count
745706,573186,83,19,2024-08-25,assessment,mlb_statcast,True,4,88,20,5,1,pitch_count
745706,573186,92,21,2024-08-25,assessment,mlb_statcast,True,5,96,22,4,1,pitch_count
745711,573186,83,19,2024-08-11,assessment,mlb_statcast,True,3,84,20,1,1,pitch_count
745716,640455,84,18,2024-07-24,assessment,mlb_statcast,True,4,95,21,11,3,pitch_count
745720,641482,83,20,2024-07-20,assessment,mlb_statcast,True,3,91,22,8,2,pitch_count
745724,543037,83,21,2024-07-06,assessment,mlb_statcast,True,3,88,22,5,1,pitch_count
745770,650911,83,20,2024-09-20,assessment,mlb_statcast,True,2,91,21,8,1,pitch_count
745777,640455,83,21,2024-09-06,assessment,mlb_statcast,True,2,95,24,12,3,pitch_count
745780,656849,83,22,2024-08-19,assessment,mlb_statcast,True,3,98,26,15,4,pitch_count
745785,622663,83,26,2024-08-17,assessment,mlb_statcast,True,3,98,29,15,3,pitch_count
745794,622663,83,21,2024-07-25,assessment,mlb_statcast,True,4,93,23,10,2,pitch_count
745796,622663,83,25,2024-07-10,assessment,mlb_statcast,True,4,86,26,3,1,pitch_count
745800,640455,83,20,2024-07-12,assessment,mlb_statcast,True,2,85,21,2,1,pitch_count
745862,592332,83,20,2024-08-30,assessment,mlb_statcast,True,3,86,21,3,1,pitch_count
745939,650644,83,19,2024-09-16,assessment,mlb_statcast,True,1,84,20,1,1,pitch_count
745946,657277,83,19,2024-08-27,assessment,mlb_statcast,True,4,97,22,14,3,pitch_count
745957,650644,83,21,2024-08-09,assessment,mlb_statcast,True,3,89,24,6,3,pitch_count
745967,650644,83,25,2024-07-11,assessment,mlb_statcast,True,3,96,28,13,3,pitch_count
745969,527048,83,20,2024-07-10,assessment,mlb_statcast,True,2,94,24,11,4,pitch_count
746017,665795,83,20,2024-09-08,assessment,mlb_statcast,True,3,90,23,7,3,pitch_count
746018,605400,83,19,2024-09-07,assessment,mlb_statcast,True,3,84,20,1,1,pitch_count
746035,665795,83,21,2024-07-24,assessment,mlb_statcast,True,3,86,22,3,1,pitch_count
746095,656427,83,18,2024-09-25,assessment,mlb_statcast,True,4,91,20,8,2,pitch_count
746101,543294,83,20,2024-09-09,assessment,mlb_statcast,True,2,85,21,2,1,pitch_count
746110,656427,83,20,2024-08-21,assessment,mlb_statcast,True,3,87,22,4,2,pitch_count
746113,656427,83,21,2024-08-09,assessment,mlb_statcast,True,2,86,22,3,1,pitch_count
746177,542881,83,22,2024-09-14,assessment,mlb_statcast,True,3,89,24,6,2,pitch_count
746188,542881,83,23,2024-08-14,assessment,mlb_statcast,True,3,94,28,11,5,pitch_count
746198,607536,83,24,2024-07-31,assessment,mlb_statcast,True,3,85,25,2,1,pitch_count
746255,663903,83,22,2024-09-21,assessment,mlb_statcast,True,4,85,23,2,1,pitch_count
746261,666142,83,20,2024-09-17,assessment,mlb_statcast,True,4,97,26,14,6,pitch_count
746266,542881,83,27,2024-08-20,assessment,mlb_statcast,True,3,87,28,4,1,pitch_count
746266,666142,83,19,2024-08-20,assessment,mlb_statcast,True,1,92,21,9,2,pitch_count
746271,663903,83,20,2024-08-24,assessment,mlb_statcast,True,3,97,25,14,5,pitch_count
746274,666142,83,21,2024-07-28,assessment,mlb_statcast,True,3,98,25,15,4,pitch_count
746286,663903,83,24,2024-07-20,assessment,mlb_statcast,True,3,89,26,6,2,pitch_count
746344,579328,83,22,2024-09-07,assessment,mlb_statcast,True,4,89,24,6,2,pitch_count
746348,579328,83,20,2024-08-31,assessment,mlb_statcast,True,2,95,25,12,5,pitch_count
746351,579328,83,22,2024-08-19,assessment,mlb_statcast,True,3,88,24,5,2,pitch_count
746352,663903,83,21,2024-08-29,assessment,mlb_statcast,True,2,97,24,14,3,pitch_count
746438,543037,83,20,2024-08-16,assessment,mlb_statcast,True,1,90,22,7,2,pitch_count
746513,665795,83,20,2024-08-26,assessment,mlb_statcast,True,3,85,21,2,1,pitch_count
746515,656302,83,20,2024-08-17,assessment,mlb_statcast,True,3,84,21,1,1,pitch_count
746593,594902,83,21,2024-08-30,assessment,mlb_statcast,True,1,84,22,1,1,pitch_count
746606,669203,83,21,2024-08-04,assessment,mlb_statcast,True,3,85,22,2,1,pitch_count
746615,671106,83,19,2024-07-06,assessment,mlb_statcast,True,2,92,21,9,2,pitch_count
746619,594902,83,23,2024-07-04,assessment,mlb_statcast,True,2,86,24,3,1,pitch_count
746628,666142,83,18,2024-08-26,assessment,mlb_statcast,True,3,91,20,8,2,pitch_count
746673,668881,83,20,2024-08-13,assessment,mlb_statcast,True,2,89,22,6,2,pitch_count
746677,502043,83,20,2024-08-14,assessment,mlb_statcast,True,5,89,23,6,3,pitch_count
746689,607536,83,25,2024-07-10,assessment,mlb_statcast,True,1,88,27,5,2,pitch_count
746920,669194,83,22,2024-08-23,assessment,mlb_statcast,True,3,90,23,7,1,pitch_count
746998,669203,83,24,2024-08-22,assessment,mlb_statcast,True,5,90,26,7,2,pitch_count
747001,669203,83,22,2024-08-16,assessment,mlb_statcast,True,3,89,24,6,2,pitch_count
747012,543037,83,19,2024-07-12,assessment,mlb_statcast,True,2,95,22,12,3,pitch_count
747080,519242,83,25,2024-08-23,assessment,mlb_statcast,True,2,88,27,5,2,pitch_count
747082,650911,83,22,2024-08-22,assessment,mlb_statcast,True,1,86,24,3,2,pitch_count
747103,657277,83,21,2024-07-04,assessment,mlb_statcast,True,4,87,23,4,2,pitch_count
747150,593958,83,19,2024-09-23,assessment,mlb_statcast,True,2,90,21,7,2,pitch_count
747155,656427,83,20,2024-09-02,assessment,mlb_statcast,True,3,92,23,9,3,pitch_count
747162,640455,83,20,2024-08-27,assessment,mlb_statcast,True,1,89,22,6,2,pitch_count
