game_pk,pitcher,pa_number_in_outing,game_date,pitcher_name,batter,events,first_pitch_in_pa,pitch_number_in_outing,pa_blended_xwoba,xwoba_source,window_blended_xwoba,collapse_reason,is_collapse_event,launch_speed,launch_angle,case_id,episode_id
716795,650633,3,2023-08-29,Michael King,679529,strikeout,11,16,0.0,persisted_estimated_woba_value,0.118,,False,,,1,1
716795,650633,4,2023-08-29,Michael King,681481,field_out,17,24,0.6655333333333334,persisted_estimated_woba_value,0.34,,False,98.4,30.0,1,1
716795,650633,5,2023-08-29,Michael King,663837,strikeout,25,30,0.0,persisted_estimated_woba_value,0.222,,False,,,1,1
716795,650633,6,2023-08-29,Michael King,656716,field_out,31,34,0.73,persisted_estimated_woba_value,0.465,xwOBA,True,89.4,12.0,1,1
716795,650633,7,2023-08-29,Michael King,678009,single,35,38,0.758,persisted_estimated_woba_value,0.496,xwOBA,True,98.5,15.0,1,1
716795,650633,8,2023-08-29,Michael King,595879,field_out,39,42,0.018,persisted_estimated_woba_value,0.502,xwOBA,True,96.1,45.0,1,1
716795,650633,9,2023-08-29,Michael King,608348,single,43,44,0.929,persisted_estimated_woba_value,0.568,xwOBA,True,85.6,14.0,1,1
716795,650633,10,2023-08-29,Michael King,668731,field_out,45,46,0.003,persisted_estimated_woba_value,0.317,,False,89.3,72.0,1,1
716795,650633,11,2023-08-29,Michael King,682985,field_out,47,48,0.407,persisted_estimated_woba_value,0.446,,False,104.8,-2.0,1,1
717675,656302,10,2023-06-20,Dylan Cease,543760,field_out,39,40,0.018,persisted_estimated_woba_value,0.055,,False,90.2,45.0,2,2
717675,656302,11,2023-06-20,Dylan Cease,608369,strikeout,41,45,0.0,persisted_estimated_woba_value,0.006,,False,,,2,2
717675,656302,12,2023-06-20,Dylan Cease,673962,strikeout,46,48,0.0,persisted_estimated_woba_value,0.006,,False,,,2,2
717675,656302,13,2023-06-20,Dylan Cease,666969,home_run,49,51,1.8858333333333333,persisted_estimated_woba_value,0.629,xwOBA,True,112.1,22.0,2,2
717675,656302,14,2023-06-20,Dylan Cease,663993,single,52,59,0.893,persisted_estimated_woba_value,0.926,xwOBA,True,99.9,11.0,2,2
717675,656302,15,2023-06-20,Dylan Cease,641680,field_out,60,61,0.255,persisted_estimated_woba_value,1.011,xwOBA,True,94.0,25.0,2,2
717675,656302,16,2023-06-20,Dylan Cease,677649,field_out,62,63,0.598,persisted_estimated_woba_value,0.582,xwOBA,True,94.3,17.0,2,2
717675,656302,17,2023-06-20,Dylan Cease,608671,walk,64,68,0.695903,persisted_estimated_woba_value,0.516,xwOBA,True,,,2,2
717675,656302,18,2023-06-20,Dylan Cease,665750,strikeout,69,71,0.0,persisted_estimated_woba_value,0.431,,False,,,2,2
717675,656302,19,2023-06-20,Dylan Cease,543760,single,72,74,0.926,persisted_estimated_woba_value,0.541,xwOBA,True,95.4,13.0,2,2
718761,519242,1,2023-04-01,Chris Sale,602104,strikeout,1,5,0.0,persisted_estimated_woba_value,,,False,,,3,1
718761,519242,2,2023-04-01,Chris Sale,668939,single,6,7,0.735,persisted_estimated_woba_value,0.368,,False,109.0,8.0,3,1
718761,519242,3,2023-04-01,Chris Sale,663624,home_run,8,10,1.8400571428571428,persisted_estimated_woba_value,0.858,xwOBA,True,107.0,27.0,3,1
718761,519242,4,2023-04-01,Chris Sale,623993,strikeout,11,14,0.0,persisted_estimated_woba_value,0.858,xwOBA,True,,,3,1
718761,519242,5,2023-04-01,Chris Sale,669720,home_run,15,15,2.0,persisted_estimated_woba_value,1.28,xwOBA+barrels,True,105.2,25.0,3,1
718761,519242,6,2023-04-01,Chris Sale,683002,strikeout,16,19,0.0,persisted_estimated_woba_value,0.667,xwOBA,True,,,3,1
718761,519242,7,2023-04-01,Chris Sale,622761,walk,20,25,0.695903,persisted_estimated_woba_value,0.899,xwOBA,True,,,3,1
718761,519242,8,2023-04-01,Chris Sale,656775,single,26,27,0.7,persisted_estimated_woba_value,0.465,xwOBA,True,106.5,9.0,3,1
718761,519242,9,2023-04-01,Chris Sale,663630,strikeout,28,32,0.0,persisted_estimated_woba_value,0.465,xwOBA,True,,,3,1
718761,519242,10,2023-04-01,Chris Sale,602104,strikeout,33,37,0.0,persisted_estimated_woba_value,0.233,,False,,,3,1
718761,519242,11,2023-04-01,Chris Sale,668939,field_out,38,40,0.164,persisted_estimated_woba_value,0.055,,False,61.0,-45.0,3,1
718752,554430,1,2023-04-01,Zack Wheeler,543760,home_run,1,2,0.5539333333333333,persisted_estimated_woba_value,,,False,98.9,23.0,4,1
718752,554430,2,2023-04-01,Zack Wheeler,608369,field_out,3,3,0.068,persisted_estimated_woba_value,0.311,,False,95.9,-31.0,4,1
718752,554430,3,2023-04-01,Zack Wheeler,663993,single,4,10,0.874,persisted_estimated_woba_value,0.499,xwOBA,True,73.0,23.0,4,1
718752,554430,4,2023-04-01,Zack Wheeler,666969,single,11,11,0.59,persisted_estimated_woba_value,0.511,xwOBA,True,104.7,6.0,4,1
718752,554430,5,2023-04-01,Zack Wheeler,673962,strikeout,12,17,0.0,persisted_estimated_woba_value,0.488,xwOBA,True,,,4,1
718752,554430,6,2023-04-01,Zack Wheeler,543257,single,18,19,0.388,persisted_estimated_woba_value,0.326,,False,103.9,-1.0,4,1
718752,554430,7,2023-04-01,Zack Wheeler,641598,strikeout,20,23,0.0,persisted_estimated_woba_value,0.129,,False,,,4,1
717208,650911,6,2023-07-30,Cristopher Sánchez,641943,strikeout,27,31,0.0,persisted_estimated_woba_value,0.054,,False,,,5,1
717208,650911,7,2023-07-30,Cristopher Sánchez,678894,hit_by_pitch,32,34,0.726005,persisted_estimated_woba_value,0.242,,False,,,5,1
717208,650911,8,2023-07-30,Cristopher Sánchez,693304,force_out,35,42,0.121,persisted_estimated_woba_value,0.282,,False,79.7,-8.0,5,1
717208,650911,9,2023-07-30,Cristopher Sánchez,595978,hit_by_pitch,43,46,0.726005,persisted_estimated_woba_value,0.524,xwOBA+BB/HBP,True,,,5,1
717208,650911,10,2023-07-30,Cristopher Sánchez,656582,grounded_into_double_play,47,47,0.066,persisted_estimated_woba_value,0.304,,False,88.1,-25.0,5,1
717208,650911,11,2023-07-30,Cristopher Sánchez,668804,field_out,48,50,0.055,persisted_estimated_woba_value,0.282,,False,80.8,-26.0,5,1
716431,650633,8,2023-09-26,Michael King,672386,single,31,33,0.403,persisted_estimated_woba_value,0.135,,False,102.9,-1.0,6,1
716431,650633,9,2023-09-26,Michael King,595281,force_out,34,38,0.065,persisted_estimated_woba_value,0.157,,False,71.9,-15.0,6,1
716431,650633,10,2023-09-26,Michael King,543807,walk,39,44,0.695903,persisted_estimated_woba_value,0.388,,False,,,6,1
716431,650633,11,2023-09-26,Michael King,666182,walk,45,48,0.695903,persisted_estimated_woba_value,0.486,xwOBA+BB/HBP,True,,,6,1
716431,650633,12,2023-09-26,Michael King,665489,strikeout,49,54,0.0,persisted_estimated_woba_value,0.464,xwOBA+BB/HBP,True,,,6,1
716431,650633,13,2023-09-26,Michael King,624415,field_out,55,57,0.0,persisted_estimated_woba_value,0.232,,False,84.9,40.0,6,1
716431,650633,14,2023-09-26,Michael King,656305,strikeout,58,61,0.0,persisted_estimated_woba_value,0.0,,False,,,6,1
718356,641482,1,2023-04-30,Nestor Cortes,543760,field_out,1,2,0.025,persisted_estimated_woba_value,,,False,99.8,49.0,7,1
718356,641482,2,2023-04-30,Nestor Cortes,543257,walk,3,8,0.695903,persisted_estimated_woba_value,0.36,,False,,,7,1
718356,641482,3,2023-04-30,Nestor Cortes,663993,walk,9,13,0.695903,persisted_estimated_woba_value,0.472,xwOBA+BB/HBP,True,,,7,1
718356,641482,4,2023-04-30,Nestor Cortes,666969,single,14,18,0.297,persisted_estimated_woba_value,0.563,xwOBA+BB/HBP,True,73.0,38.0,7,1
718356,641482,5,2023-04-30,Nestor Cortes,673962,home_run,19,23,1.0987333333333331,persisted_estimated_woba_value,0.697,xwOBA,True,101.1,29.0,7,1
718356,641482,6,2023-04-30,Nestor Cortes,641680,field_out,24,29,0.04,persisted_estimated_woba_value,0.479,xwOBA,True,81.0,34.0,7,1
718356,641482,7,2023-04-30,Nestor Cortes,677649,strikeout,30,34,0.0,persisted_estimated_woba_value,0.38,,False,,,7,1
718356,641482,8,2023-04-30,Nestor Cortes,669352,strikeout,35,40,0.0,persisted_estimated_woba_value,0.013,,False,,,7,1
718519,675911,2,2023-04-18,Spencer Strider,592518,field_out,8,10,0.254,persisted_estimated_woba_value,0.127,,False,29.3,-37.0,8,1
718519,675911,3,2023-04-18,Spencer Strider,665742,walk,11,14,0.695903,persisted_estimated_woba_value,0.317,,False,,,8,1
718519,675911,4,2023-04-18,Spencer Strider,593428,strikeout,15,18,0.0,persisted_estimated_woba_value,0.317,,False,,,8,1
718519,675911,5,2023-04-18,Spencer Strider,572761,walk,19,23,0.695903,persisted_estimated_woba_value,0.464,xwOBA+BB/HBP,True,,,8,1
718519,675911,6,2023-04-18,Spencer Strider,630105,field_out,24,29,0.643,persisted_estimated_woba_value,0.446,,False,90.8,18.0,8,1
718519,675911,7,2023-04-18,Spencer Strider,673490,strikeout,30,36,0.0,persisted_estimated_woba_value,0.446,,False,,,8,1
716853,663903,6,2023-08-25,Brady Singer,664034,single,23,24,0.105,persisted_estimated_woba_value,0.359,,False,96.6,-20.0,9,2
716853,663903,7,2023-08-25,Brady Singer,686527,strikeout,25,28,0.0,persisted_estimated_woba_value,0.073,,False,,,9,2
716853,663903,8,2023-08-25,Brady Singer,645801,field_out,29,30,1.039657142857143,persisted_estimated_woba_value,0.382,,False,100.6,26.0,9,2
716853,663903,9,2023-08-25,Brady Singer,668942,field_out,31,39,0.7702173913043479,persisted_estimated_woba_value,0.603,xwOBA+barrels,True,98.5,26.0,9,2
716853,663903,10,2023-08-25,Brady Singer,641487,strikeout,40,43,0.0,persisted_estimated_woba_value,0.603,xwOBA+barrels,True,,,9,2
716853,663903,11,2023-08-25,Brady Singer,677594,field_out,44,45,0.012,persisted_estimated_woba_value,0.261,,False,78.7,63.0,9,2
716853,663903,12,2023-08-25,Brady Singer,553993,single,46,51,0.084,persisted_estimated_woba_value,0.032,,False,73.7,-40.0,9,2
717305,641540,8,2023-07-22,Dane Dunning,681546,single,45,48,0.426,persisted_estimated_woba_value,0.485,xwOBA,True,73.3,14.0,10,2
717305,641540,9,2023-07-22,Dane Dunning,500743,grounded_into_double_play,49,51,0.139,persisted_estimated_woba_value,0.42,,False,92.7,-10.0,10,2
717305,641540,10,2023-07-22,Dane Dunning,605141,field_out,52,53,0.7334594594594595,persisted_estimated_woba_value,0.433,,False,105.3,19.0,10,2
717305,641540,11,2023-07-22,Dane Dunning,518692,home_run,54,58,1.896153846153846,persisted_estimated_woba_value,0.923,xwOBA+barrels,True,108.0,28.0,10,2
717305,641540,12,2023-07-22,Dane Dunning,669257,field_out,59,62,0.218,persisted_estimated_woba_value,0.949,xwOBA+barrels,True,100.4,-10.0,10,2
717305,641540,13,2023-07-22,Dane Dunning,571970,home_run,63,66,1.04795,persisted_estimated_woba_value,1.054,xwOBA,True,104.4,37.0,10,2
717305,641540,14,2023-07-22,Dane Dunning,502110,single,67,71,0.281,persisted_estimated_woba_value,0.516,xwOBA,True,78.1,-64.0,10,2
717305,641540,15,2023-07-22,Dane Dunning,444482,strikeout,72,75,0.0,persisted_estimated_woba_value,0.443,,False,,,10,2
717305,641540,16,2023-07-22,Dane Dunning,518792,field_out,76,80,0.059,persisted_estimated_woba_value,0.113,,False,79.9,51.0,10,2
717426,605400,1,2023-07-09,Aaron Nola,650333,field_out,1,3,0.058,persisted_estimated_woba_value,,,False,81.4,-20.0,11,1
717426,605400,2,2023-07-09,Aaron Nola,624585,strikeout,4,6,0.0,persisted_estimated_woba_value,0.029,,False,,,11,1
717426,605400,3,2023-07-09,Aaron Nola,650559,double,7,8,0.9094838709677416,persisted_estimated_woba_value,0.322,,False,106.6,19.0,11,1
717426,605400,4,2023-07-09,Aaron Nola,660821,home_run,9,9,2.0,persisted_estimated_woba_value,0.97,xwOBA+barrels,True,108.9,28.0,11,1
717426,605400,5,2023-07-09,Aaron Nola,643265,field_out,10,14,0.273,persisted_estimated_woba_value,1.061,xwOBA+barrels,True,84.2,3.0,11,1
717426,605400,6,2023-07-09,Aaron Nola,516416,field_out,15,19,0.762,persisted_estimated_woba_value,1.012,xwOBA,True,114.0,7.0,11,1
717426,605400,7,2023-07-09,Aaron Nola,621563,strikeout,20,23,0.0,persisted_estimated_woba_value,0.345,,False,,,11,1
717426,605400,8,2023-07-09,Aaron Nola,663743,field_out,24,24,0.8878421052631581,persisted_estimated_woba_value,0.55,xwOBA,True,100.4,31.0,11,1
745785,622663,26,2024-08-17,Luis Severino,660644,strikeout,79,86,0.0,persisted_estimated_woba_value,0.182,,False,,,12,3
745785,622663,27,2024-08-17,Luis Severino,663743,double,87,95,0.504,persisted_estimated_woba_value,0.168,,False,102.2,17.0,12,3
745785,622663,28,2024-08-17,Luis Severino,669364,field_out,96,97,0.154,persisted_estimated_woba_value,0.219,,False,94.2,-13.0,12,3
745785,622663,29,2024-08-17,Luis Severino,669394,hit_by_pitch,98,98,0.720192,persisted_estimated_woba_value,0.459,xwOBA,True,,,12,3
745785,622663,30,2024-08-17,Luis Severino,660821,strikeout,99,104,0.0,persisted_estimated_woba_value,0.291,,False,,,12,3
745785,622663,31,2024-08-17,Luis Severino,681146,field_out,105,109,0.002,persisted_estimated_woba_value,0.241,,False,84.5,72.0,12,3
745479,622663,8,2024-07-05,Luis Severino,518735,field_out,22,26,0.041,persisted_estimated_woba_value,0.27,,False,85.9,-34.0,13,2
745479,622663,9,2024-07-05,Luis Severino,572191,single,27,27,0.866,persisted_estimated_woba_value,0.302,,False,85.1,18.0,13,2
745479,622663,10,2024-07-05,Luis Severino,641943,grounded_into_double_play,28,31,0.274,persisted_estimated_woba_value,0.394,,False,100.3,-7.0,13,2
745479,622663,11,2024-07-05,Luis Severino,668804,single,32,35,0.833,persisted_estimated_woba_value,0.658,xwOBA,True,66.7,33.0,13,2
745479,622663,12,2024-07-05,Luis Severino,665833,field_out,36,38,0.084,persisted_estimated_woba_value,0.397,,False,76.3,39.0,13,2
745479,622663,13,2024-07-05,Luis Severino,642133,home_run,39,41,1.6141935483870968,persisted_estimated_woba_value,0.844,xwOBA,True,107.8,22.0,13,2
746175,605397,1,2024-03-21,Joe Musgrove,605141,field_out,1,6,0.01,persisted_estimated_woba_value,,,False,94.0,46.0,14,1
746175,605397,2,2024-03-21,Joe Musgrove,660271,single,7,7,0.918,persisted_estimated_woba_value,0.464,xwOBA,True,108.7,12.0,14,1
746175,605397,3,2024-03-21,Joe Musgrove,518692,walk,8,15,0.689131,persisted_estimated_woba_value,0.539,xwOBA,True,,,14,1
746175,605397,4,2024-03-21,Joe Musgrove,669257,double,16,16,1.286225806451613,persisted_estimated_woba_value,0.964,xwOBA,True,103.7,24.0,14,1
746175,605397,5,2024-03-21,Joe Musgrove,571970,strikeout,17,19,0.0,persisted_estimated_woba_value,0.658,xwOBA,True,,,14,1
746175,605397,6,2024-03-21,Joe Musgrove,606192,walk,20,26,0.689131,persisted_estimated_woba_value,0.658,xwOBA,True,,,14,1
746175,605397,7,2024-03-21,Joe Musgrove,681546,field_out,27,31,0.132,persisted_estimated_woba_value,0.274,,False,81.7,27.0,14,1
746175,605397,8,2024-03-21,Joe Musgrove,518792,field_out,32,35,0.186,persisted_estimated_woba_value,0.336,,False,92.7,26.0,14,1
746791,592332,1,2024-05-28,Kevin Gausman,502054,field_out,1,3,0.166,persisted_estimated_woba_value,,,False,101.5,-20.0,15,1
746791,592332,2,2024-05-28,Kevin Gausman,670032,triple,4,6,0.654,persisted_estimated_woba_value,0.41,,False,102.3,8.0,15,1
746791,592332,3,2024-05-28,Kevin Gausman,657757,walk,7,11,0.689131,persisted_estimated_woba_value,0.503,xwOBA,True,,,15,1
746791,592332,4,2024-05-28,Kevin Gausman,683734,grounded_into_double_play,12,12,0.069,persisted_estimated_woba_value,0.471,xwOBA,True,79.6,-13.0,15,1
746791,592332,5,2024-05-28,Kevin Gausman,643217,field_out,13,17,0.547,persisted_estimated_woba_value,0.435,,False,99.0,8.0,15,1
746791,592332,6,2024-05-28,Kevin Gausman,686676,strikeout,18,20,0.0,persisted_estimated_woba_value,0.205,,False,,,15,1
744916,543037,9,2024-06-30,Gerrit Cole,595281,strikeout,32,37,0.0,persisted_estimated_woba_value,0.24,,False,,,16,2
744916,543037,10,2024-06-30,Gerrit Cole,643396,field_out,38,45,0.006,persisted_estimated_woba_value,0.002,,False,87.1,70.0,16,2
744916,543037,11,2024-06-30,Gerrit Cole,687462,walk,46,53,0.689131,persisted_estimated_woba_value,0.232,,False,,,16,2
744916,543037,12,2024-06-30,Gerrit Cole,665489,hit_by_pitch,54,58,0.720192,persisted_estimated_woba_value,0.472,xwOBA+BB/HBP,True,,,16,2
744916,543037,13,2024-06-30,Gerrit Cole,457759,single,59,62,0.549,persisted_estimated_woba_value,0.653,xwOBA+BB/HBP,True,101.8,3.0,16,2
744916,543037,14,2024-06-30,Gerrit Cole,543807,grounded_into_double_play,63,63,0.058,persisted_estimated_woba_value,0.442,,False,73.8,-8.0,16,2
744916,543037,15,2024-06-30,Gerrit Cole,662139,strikeout,64,67,0.0,persisted_estimated_woba_value,0.202,,False,,,16,2
746227,663776,3,2024-05-24,Patrick Sandoval,608070,field_out,12,16,0.27,persisted_estimated_woba_value,0.109,,False,101.2,-10.0,17,1
746227,663776,4,2024-05-24,Patrick Sandoval,647304,strikeout,17,21,0.0,persisted_estimated_woba_value,0.09,,False,,,17,1
746227,663776,5,2024-05-24,Patrick Sandoval,681807,walk,22,26,0.689131,persisted_estimated_woba_value,0.32,,False,,,17,1
746227,663776,6,2024-05-24,Patrick Sandoval,671286,walk,27,32,0.689131,persisted_estimated_woba_value,0.459,xwOBA+BB/HBP,True,,,17,1
746227,663776,7,2024-05-24,Patrick Sandoval,672356,single,33,35,0.495,persisted_estimated_woba_value,0.624,xwOBA+BB/HBP,True,104.6,1.0,17,1
746227,663776,8,2024-05-24,Patrick Sandoval,700932,strikeout,36,38,0.0,persisted_estimated_woba_value,0.395,,False,,,17,1
746227,663776,9,2024-05-24,Patrick Sandoval,677587,walk,39,44,0.689131,persisted_estimated_woba_value,0.395,,False,,,17,1
746651,671106,1,2024-04-20,Logan Allen,665923,field_out,1,1,0.267,persisted_estimated_woba_value,,,False,95.7,24.0,18,2
746651,671106,2,2024-04-20,Logan Allen,663527,walk,2,10,0.689131,persisted_estimated_woba_value,0.478,xwOBA,True,,,18,2
746651,671106,3,2024-04-20,Logan Allen,680869,field_out,11,14,0.002,persisted_estimated_woba_value,0.319,,False,86.9,48.0,18,2
746651,671106,4,2024-04-20,Logan Allen,667670,walk,15,19,0.689131,persisted_estimated_woba_value,0.46,xwOBA+BB/HBP,True,,,18,2
746651,671106,5,2024-04-20,Logan Allen,647351,force_out,20,23,0.366,persisted_estimated_woba_value,0.352,,False,101.3,-3.0,18,2
746651,671106,6,2024-04-20,Logan Allen,669127,field_error,24,26,0.423,persisted_estimated_woba_value,0.493,xwOBA,True,105.5,-2.0,18,2
745759,650644,1,2024-04-21,Aaron Civale,683011,strikeout,1,3,0.0,persisted_estimated_woba_value,,,False,,,19,1
745759,650644,2,2024-04-21,Aaron Civale,665742,walk,4,9,0.689131,persisted_estimated_woba_value,0.345,,False,,,19,1
745759,650644,3,2024-04-21,Aaron Civale,592450,strikeout,10,16,0.0,persisted_estimated_woba_value,0.23,,False,,,19,1
745759,650644,4,2024-04-21,Aaron Civale,519317,walk,17,23,0.689131,persisted_estimated_woba_value,0.459,xwOBA+BB/HBP,True,,,19,1
745759,650644,5,2024-04-21,Aaron Civale,519203,single,24,26,0.495,persisted_estimated_woba_value,0.395,,False,104.8,1.0,19,1
745759,650644,6,2024-04-21,Aaron Civale,650402,strikeout,27,30,0.0,persisted_estimated_woba_value,0.395,,False,,,19,1
745313,592332,17,2024-07-11,Kevin Gausman,642731,field_out,56,57,0.036,persisted_estimated_woba_value,0.273,,False,96.1,42.0,20,2
745313,592332,18,2024-07-11,Kevin Gausman,689172,field_out,58,58,0.007,persisted_estimated_woba_value,0.178,,False,88.7,54.0,20,2
745313,592332,19,2024-07-11,Kevin Gausman,624585,single,59,64,0.7675499999999998,persisted_estimated_woba_value,0.27,,False,107.2,18.0,20,2
745313,592332,20,2024-07-11,Kevin Gausman,672275,field_out,65,69,1.0830857142857149,persisted_estimated_woba_value,0.619,xwOBA+barrels,True,104.6,21.0,20,2
745313,592332,21,2024-07-11,Kevin Gausman,671218,strikeout,70,76,0.0,persisted_estimated_woba_value,0.617,xwOBA+barrels,True,,,20,2
745313,592332,22,2024-07-11,Kevin Gausman,624424,strikeout,77,82,0.0,persisted_estimated_woba_value,0.361,,False,,,20,2
745313,592332,23,2024-07-11,Kevin Gausman,656305,single,83,83,0.526,persisted_estimated_woba_value,0.175,,False,92.7,6.0,20,2
745413,605397,17,2024-05-26,Joe Musgrove,519203,field_out,63,67,0.393,persisted_estimated_woba_value,0.132,,False,90.6,5.0,21,2
745413,605397,18,2024-05-26,Joe Musgrove,650402,double,68,75,0.950714285714286,persisted_estimated_woba_value,0.448,,False,99.7,31.0,21,2
745413,605397,19,2024-05-26,Joe Musgrove,624431,strikeout,76,78,0.0,persisted_estimated_woba_value,0.448,,False,,,21,2
745413,605397,20,2024-05-26,Joe Musgrove,665828,field_out,79,79,0.6513333333333333,persisted_estimated_woba_value,0.534,xwOBA+barrels,True,98.1,26.0,21,2
745413,605397,21,2024-05-26,Joe Musgrove,683011,single,80,80,0.654,persisted_estimated_woba_value,0.435,,False,102.5,8.0,21,2
745413,605397,22,2024-05-26,Joe Musgrove,665742,double,81,87,0.571,persisted_estimated_woba_value,0.625,xwOBA,True,103.9,17.0,21,2
745543,650911,1,2024-07-31,Cristopher Sánchez,650402,strikeout,1,4,0.0,persisted_estimated_woba_value,,,False,,,22,2
745543,650911,2,2024-07-31,Cristopher Sánchez,665742,field_out,5,8,1.1421904761904764,persisted_estimated_woba_value,0.571,xwOBA,True,103.8,22.0,22,2
745543,650911,3,2024-07-31,Cristopher Sánchez,592450,strikeout,9,12,0.0,persisted_estimated_woba_value,0.381,,False,,,22,2
745543,650911,4,2024-07-31,Cristopher Sánchez,519317,single,13,16,0.817,persisted_estimated_woba_value,0.653,xwOBA+barrels,True,120.0,7.0,22,2
745543,650911,5,2024-07-31,Cristopher Sánchez,665862,single,17,17,0.777,persisted_estimated_woba_value,0.531,xwOBA,True,84.6,19.0,22,2
745543,650911,6,2024-07-31,Cristopher Sánchez,683011,strikeout,18,23,0.0,persisted_estimated_woba_value,0.531,xwOBA,True,,,22,2
745543,650911,7,2024-07-31,Cristopher Sánchez,657077,walk,24,30,0.689131,persisted_estimated_woba_value,0.489,xwOBA,True,,,22,2
745543,650911,8,2024-07-31,Cristopher Sánchez,518934,home_run,31,33,1.1578461538461535,persisted_estimated_woba_value,0.616,xwOBA,True,103.7,23.0,22,2
745543,650911,9,2024-07-31,Cristopher Sánchez,665966,field_out,34,37,0.211,persisted_estimated_woba_value,0.686,xwOBA,True,97.9,-13.0,22,2
745543,650911,10,2024-07-31,Cristopher Sánchez,650402,field_out,38,38,0.575,persisted_estimated_woba_value,0.648,xwOBA,True,76.8,14.0,22,2
745543,650911,11,2024-07-31,Cristopher Sánchez,665742,single,39,41,0.285,persisted_estimated_woba_value,0.357,,False,33.2,-26.0,22,2
745543,650911,12,2024-07-31,Cristopher Sánchez,592450,strikeout,42,48,0.0,persisted_estimated_woba_value,0.287,,False,,,22,2
745817,656849,1,2024-05-29,David Peterson,605141,field_out,1,3,0.01,persisted_estimated_woba_value,,,False,100.6,51.0,23,2
745817,656849,2,2024-05-29,David Peterson,660271,field_out,4,7,0.90321875,persisted_estimated_woba_value,0.457,xwOBA,True,100.8,24.0,23,2
745817,656849,3,2024-05-29,David Peterson,518692,field_out,8,8,0.058,persisted_estimated_woba_value,0.324,,False,75.3,-35.0,23,2
745817,656849,4,2024-05-29,David Peterson,669257,home_run,9,12,1.4390624999999997,persisted_estimated_woba_value,0.8,xwOBA+barrels,True,104.2,31.0,23,2
745817,656849,5,2024-05-29,David Peterson,606192,field_out,13,17,0.396,persisted_estimated_woba_value,0.631,xwOBA,True,100.2,-2.0,23,2
745817,656849,6,2024-05-29,David Peterson,681624,field_out,18,23,0.056,persisted_estimated_woba_value,0.63,xwOBA,True,83.2,-35.0,23,2
745817,656849,7,2024-05-29,David Peterson,571771,single,24,26,0.536,persisted_estimated_woba_value,0.329,,False,71.3,35.0,23,2
745817,656849,8,2024-05-29,David Peterson,500743,double,27,29,0.71,persisted_estimated_woba_value,0.434,,False,87.3,12.0,23,2
