game_pk,pitcher,warning_pitch,warning_pa,game_date,dataset_split,actual_data_source,is_evaluable_warning,is_matched_warning,model_key
744811,543037,28,10,2024-08-27,assessment,mlb_statcast,True,False,context
744811,543037,63,19,2024-08-27,assessment,mlb_statcast,True,False,context
744813,641482,32,10,2024-08-26,assessment,mlb_statcast,True,True,context
744813,641482,63,19,2024-08-26,assessment,mlb_statcast,True,False,context
744821,657277,30,10,2024-08-05,assessment,mlb_statcast,True,False,context
744838,640455,30,10,2024-07-02,assessment,mlb_statcast,True,False,context
744838,640455,67,19,2024-07-02,assessment,mlb_statcast,True,False,context
744838,640455,91,28,2024-07-02,assessment,mlb_statcast,False,False,context
744840,656849,67,19,2024-07-01,assessment,mlb_statcast,True,False,context
744877,592332,65,19,2024-09-25,assessment,mlb_statcast,True,True,context
744881,640455,66,19,2024-09-11,assessment,mlb_statcast,True,False,context
744882,592332,34,10,2024-09-13,assessment,mlb_statcast,True,False,context
744882,592332,60,19,2024-09-13,assessment,mlb_statcast,True,False,context
744882,592332,94,28,2024-09-13,assessment,mlb_statcast,True,True,context
744886,656849,62,19,2024-09-10,assessment,mlb_statcast,False,False,context
744887,650911,32,10,2024-09-04,assessment,mlb_statcast,True,False,context
744887,650911,68,19,2024-09-04,assessment,mlb_statcast,True,True,context
744899,592332,33,10,2024-08-08,assessment,mlb_statcast,True,False,context
744899,592332,91,28,2024-08-08,assessment,mlb_statcast,False,False,context
744908,592332,32,10,2024-07-27,assessment,mlb_statcast,True,True,context
744908,592332,62,19,2024-07-27,assessment,mlb_statcast,True,False,context
744908,592332,83,28,2024-07-27,assessment,mlb_statcast,True,False,context
744909,592332,24,10,2024-07-21,assessment,mlb_statcast,True,False,context
744909,592332,66,19,2024-07-21,assessment,mlb_statcast,True,True,context
744909,592332,95,28,2024-07-21,assessment,mlb_statcast,False,False,context
744981,579328,28,10,2024-08-07,assessment,mlb_statcast,True,False,context
745066,594902,26,10,2024-07-14,assessment,mlb_statcast,True,True,context
745066,594902,62,19,2024-07-14,assessment,mlb_statcast,True,True,context
745123,502043,30,10,2024-09-20,assessment,mlb_statcast,True,False,context
745123,502043,51,19,2024-09-20,assessment,mlb_statcast,True,True,context
745123,594902,32,10,2024-09-20,assessment,mlb_statcast,True,False,context
745123,594902,64,19,2024-09-20,assessment,mlb_statcast,False,False,context
745132,656302,27,10,2024-08-27,assessment,mlb_statcast,True,False,context
745132,656302,71,19,2024-08-27,assessment,mlb_statcast,True,False,context
745133,502043,32,10,2024-08-26,assessment,mlb_statcast,True,False,context
745133,502043,68,19,2024-08-26,assessment,mlb_statcast,True,False,context
745134,605397,30,10,2024-08-28,assessment,mlb_statcast,True,True,context
745134,605397,58,19,2024-08-28,assessment,mlb_statcast,True,False,context
745138,502043,33,10,2024-08-21,assessment,mlb_statcast,True,False,context
745143,502043,29,10,2024-08-08,assessment,mlb_statcast,True,False,context
745143,502043,64,19,2024-08-08,assessment,mlb_statcast,True,False,context
745150,502043,71,19,2024-07-27,assessment,mlb_statcast,True,True,context
745184,640455,30,10,2024-08-05,assessment,mlb_statcast,True,False,context
745184,640455,69,19,2024-08-05,assessment,mlb_statcast,True,False,context
745184,640455,97,28,2024-08-05,assessment,mlb_statcast,False,False,context
745222,554430,32,10,2024-08-04,assessment,mlb_statcast,True,False,context
745222,554430,67,19,2024-08-04,assessment,mlb_statcast,True,True,context
745286,657277,33,10,2024-09-13,assessment,mlb_statcast,True,False,context
745286,657277,70,19,2024-09-13,assessment,mlb_statcast,False,False,context
745291,650644,31,10,2024-09-10,assessment,mlb_statcast,True,False,context
745291,650644,62,19,2024-09-10,assessment,mlb_statcast,False,False,context
745291,650644,65,20,2024-09-10,assessment,mlb_statcast,False,False,context
745292,657277,31,10,2024-09-01,assessment,mlb_statcast,True,False,context
745292,657277,62,19,2024-09-01,assessment,mlb_statcast,True,False,context
745297,657277,22,10,2024-08-21,assessment,mlb_statcast,True,True,context
745297,657277,56,19,2024-08-21,assessment,mlb_statcast,True,False,context
745304,657277,65,19,2024-08-10,assessment,mlb_statcast,True,True,context
745306,657277,67,19,2024-07-31,assessment,mlb_statcast,True,False,context
745306,657277,88,28,2024-07-31,assessment,mlb_statcast,True,True,context
745313,592332,59,19,2024-07-11,assessment,mlb_statcast,True,True,context
745315,607536,33,10,2024-07-26,assessment,mlb_statcast,True,True,context
745316,579328,69,19,2024-07-09,assessment,mlb_statcast,True,False,context
745318,657277,33,10,2024-07-10,assessment,mlb_statcast,True,False,context
745318,657277,65,19,2024-07-10,assessment,mlb_statcast,True,False,context
745360,527048,32,10,2024-09-21,assessment,mlb_statcast,True,False,context
745365,656302,101,28,2024-09-18,assessment,mlb_statcast,False,False,context
745366,650633,55,19,2024-09-17,assessment,mlb_statcast,True,False,context
745369,527048,32,10,2024-09-05,assessment,mlb_statcast,True,False,context
745369,527048,64,19,2024-09-05,assessment,mlb_statcast,True,True,context
745372,657277,23,10,2024-09-07,assessment,mlb_statcast,True,True,context
745372,657277,25,10,2024-09-07,assessment,mlb_statcast,True,False,context
745372,657277,27,11,2024-09-07,assessment,mlb_statcast,True,False,context
745372,657277,60,20,2024-09-07,assessment,mlb_statcast,True,False,context
745374,527048,33,10,2024-08-20,assessment,mlb_statcast,True,True,context
745376,527048,33,10,2024-08-25,assessment,mlb_statcast,True,True,context
745377,650633,35,10,2024-08-24,assessment,mlb_statcast,True,False,context
745377,650633,70,19,2024-08-24,assessment,mlb_statcast,True,False,context
745377,656849,33,10,2024-08-24,assessment,mlb_statcast,True,True,context
745377,656849,68,19,2024-08-24,assessment,mlb_statcast,True,True,context
745377,656849,94,28,2024-08-24,assessment,mlb_statcast,False,False,context
745378,605397,61,19,2024-08-23,assessment,mlb_statcast,False,False,context
745379,622663,68,19,2024-08-22,assessment,mlb_statcast,True,False,context
745379,656302,31,10,2024-08-22,assessment,mlb_statcast,True,False,context
745379,656302,69,19,2024-08-22,assessment,mlb_statcast,True,False,context
745379,656302,98,28,2024-08-22,assessment,mlb_statcast,False,False,context
745379,656302,102,28,2024-08-22,assessment,mlb_statcast,False,False,context
745380,650633,69,19,2024-08-19,assessment,mlb_statcast,True,True,context
745385,519242,30,10,2024-07-14,assessment,mlb_statcast,True,True,context
745391,656302,30,10,2024-07-07,assessment,mlb_statcast,True,False,context
745391,656302,32,10,2024-07-07,assessment,mlb_statcast,True,False,context
745443,650644,68,19,2024-09-26,assessment,mlb_statcast,True,False,context
745449,663903,64,19,2024-09-15,assessment,mlb_statcast,True,True,context
745469,650633,70,19,2024-08-07,assessment,mlb_statcast,True,True,context
745472,527048,32,10,2024-07-24,assessment,mlb_statcast,True,False,context
745472,527048,64,19,2024-07-24,assessment,mlb_statcast,True,False,context
745479,622663,28,10,2024-07-05,assessment,mlb_statcast,True,True,context
745479,622663,50,19,2024-07-05,assessment,mlb_statcast,True,False,context
745479,622663,88,28,2024-07-05,assessment,mlb_statcast,True,False,context
745481,527048,31,10,2024-07-19,assessment,mlb_statcast,True,False,context
745481,527048,71,19,2024-07-19,assessment,mlb_statcast,True,True,context
745481,605400,34,10,2024-07-19,assessment,mlb_statcast,True,True,context
745481,605400,66,19,2024-07-19,assessment,mlb_statcast,False,False,context
745484,527048,60,19,2024-07-04,assessment,mlb_statcast,True,True,context
745527,605400,65,19,2024-09-23,assessment,mlb_statcast,True,False,context
745530,650911,31,10,2024-09-15,assessment,mlb_statcast,True,True,context
745530,650911,60,19,2024-09-15,assessment,mlb_statcast,True,True,context
745530,656849,32,10,2024-09-15,assessment,mlb_statcast,True,False,context
745530,656849,66,19,2024-09-15,assessment,mlb_statcast,True,False,context
745530,656849,96,28,2024-09-15,assessment,mlb_statcast,False,False,context
745532,554430,29,10,2024-08-31,assessment,mlb_statcast,True,False,context
745532,554430,67,19,2024-08-31,assessment,mlb_statcast,True,True,context
745537,650911,29,10,2024-08-17,assessment,mlb_statcast,True,True,context
745537,650911,61,19,2024-08-17,assessment,mlb_statcast,True,False,context
745537,650911,94,28,2024-08-17,assessment,mlb_statcast,False,False,context
745540,605400,33,10,2024-08-27,assessment,mlb_statcast,True,False,context
745542,605400,30,10,2024-08-16,assessment,mlb_statcast,True,False,context
745542,605400,65,19,2024-08-16,assessment,mlb_statcast,True,False,context
745543,650911,69,19,2024-07-31,assessment,mlb_statcast,True,False,context
745546,605400,31,10,2024-07-30,assessment,mlb_statcast,True,False,context
745546,605400,62,19,2024-07-30,assessment,mlb_statcast,True,True,context
745554,650911,26,10,2024-07-26,assessment,mlb_statcast,True,False,context
745554,650911,60,19,2024-07-26,assessment,mlb_statcast,True,True,context
745554,650911,80,28,2024-07-26,assessment,mlb_statcast,False,False,context
745556,650911,32,10,2024-07-10,assessment,mlb_statcast,True,False,context
745557,554430,29,10,2024-07-09,assessment,mlb_statcast,True,False,context
745557,554430,65,19,2024-07-09,assessment,mlb_statcast,True,True,context
745606,543037,57,19,2024-09-20,assessment,mlb_statcast,True,False,context
745606,543037,60,19,2024-09-20,assessment,mlb_statcast,True,False,context
745606,543037,92,28,2024-09-20,assessment,mlb_statcast,False,False,context
745606,543037,96,29,2024-09-20,assessment,mlb_statcast,False,False,context
745606,543037,99,29,2024-09-20,assessment,mlb_statcast,False,False,context
745690,573186,34,10,2024-09-25,assessment,mlb_statcast,True,True,context
745690,573186,64,19,2024-09-25,assessment,mlb_statcast,True,False,context
745691,669203,28,10,2024-09-26,assessment,mlb_statcast,True,False,context
745694,573186,33,10,2024-09-10,assessment,mlb_statcast,True,True,context
745694,573186,64,19,2024-09-10,assessment,mlb_statcast,True,False,context
745699,502043,63,19,2024-08-31,assessment,mlb_statcast,True,False,context
745701,641482,24,10,2024-09-01,assessment,mlb_statcast,True,False,context
745701,641482,28,10,2024-09-01,assessment,mlb_statcast,True,True,context
745701,641482,65,19,2024-09-01,assessment,mlb_statcast,True,False,context
745702,607536,69,19,2024-08-23,assessment,mlb_statcast,True,False,context
745716,543037,66,19,2024-07-24,assessment,mlb_statcast,True,False,context
745718,543037,32,10,2024-08-04,assessment,mlb_statcast,True,True,context
745719,592332,31,10,2024-08-02,assessment,mlb_statcast,True,False,context
745767,554430,30,10,2024-09-22,assessment,mlb_statcast,True,False,context
745767,554430,62,19,2024-09-22,assessment,mlb_statcast,True,True,context
745767,554430,91,28,2024-09-22,assessment,mlb_statcast,False,False,context
745768,640455,67,19,2024-09-21,assessment,mlb_statcast,True,False,context
745770,656849,31,10,2024-09-20,assessment,mlb_statcast,True,True,context
745770,656849,60,19,2024-09-20,assessment,mlb_statcast,True,False,context
745773,640455,30,10,2024-09-16,assessment,mlb_statcast,True,True,context
745773,640455,64,19,2024-09-16,assessment,mlb_statcast,True,True,context
745778,656849,63,19,2024-09-03,assessment,mlb_statcast,True,False,context
745779,622663,26,10,2024-09-02,assessment,mlb_statcast,True,False,context
745779,622663,67,19,2024-09-02,assessment,mlb_statcast,True,True,context
745784,640455,69,19,2024-08-16,assessment,mlb_statcast,True,True,context
745785,622663,62,19,2024-08-17,assessment,mlb_statcast,True,False,context
745785,622663,96,28,2024-08-17,assessment,mlb_statcast,True,True,context
745795,656849,32,10,2024-07-28,assessment,mlb_statcast,True,True,context
745796,622663,33,10,2024-07-10,assessment,mlb_statcast,True,False,context
745796,622663,64,19,2024-07-10,assessment,mlb_statcast,True,True,context
745854,665795,68,19,2024-09-25,assessment,mlb_statcast,True,True,context
745869,666142,69,19,2024-08-14,assessment,mlb_statcast,True,False,context
745874,663903,35,10,2024-08-12,assessment,mlb_statcast,True,False,context
745877,605400,25,10,2024-07-24,assessment,mlb_statcast,True,False,context
745877,605400,64,19,2024-07-24,assessment,mlb_statcast,True,False,context
745948,594902,30,10,2024-08-18,assessment,mlb_statcast,True,False,context
745948,594902,65,19,2024-08-18,assessment,mlb_statcast,True,True,context
745957,650644,32,10,2024-08-09,assessment,mlb_statcast,True,False,context
745960,519242,32,10,2024-07-31,assessment,mlb_statcast,True,False,context
745966,650644,64,19,2024-07-27,assessment,mlb_statcast,True,False,context
745967,650644,30,10,2024-07-11,assessment,mlb_statcast,True,False,context
745967,650644,63,19,2024-07-11,assessment,mlb_statcast,True,True,context
745967,650644,66,21,2024-07-11,assessment,mlb_statcast,True,False,context
745967,650644,96,28,2024-07-11,assessment,mlb_statcast,True,False,context
746024,543294,60,19,2024-08-23,assessment,mlb_statcast,True,True,context
746025,656302,64,19,2024-08-11,assessment,mlb_statcast,True,False,context
746029,665795,63,19,2024-08-20,assessment,mlb_statcast,True,True,context
746032,527048,33,10,2024-08-09,assessment,mlb_statcast,True,True,context
746032,527048,60,19,2024-08-09,assessment,mlb_statcast,True,False,context
746034,656849,69,19,2024-07-22,assessment,mlb_statcast,True,True,context
746037,669203,31,10,2024-07-25,assessment,mlb_statcast,True,True,context
746037,669203,66,19,2024-07-25,assessment,mlb_statcast,True,True,context
746037,669203,92,28,2024-07-25,assessment,mlb_statcast,False,False,context
746040,640455,67,19,2024-07-19,assessment,mlb_statcast,True,True,context
746040,665795,67,19,2024-07-19,assessment,mlb_statcast,True,False,context
746041,622663,65,19,2024-07-20,assessment,mlb_statcast,True,False,context
746088,605397,33,10,2024-09-26,assessment,mlb_statcast,True,False,context
746088,605397,59,19,2024-09-26,assessment,mlb_statcast,True,False,context
746094,607536,31,10,2024-09-20,assessment,mlb_statcast,True,False,context
746094,607536,66,19,2024-09-20,assessment,mlb_statcast,True,False,context
746098,656427,32,10,2024-09-08,assessment,mlb_statcast,True,True,context
746098,656427,66,19,2024-09-08,assessment,mlb_statcast,True,False,context
746105,656427,30,10,2024-08-27,assessment,mlb_statcast,True,True,context
746105,656427,32,10,2024-08-27,assessment,mlb_statcast,True,False,context
746105,656427,69,19,2024-08-27,assessment,mlb_statcast,True,True,context
746117,657277,67,19,2024-07-25,assessment,mlb_statcast,True,True,context
746120,650911,30,10,2024-08-06,assessment,mlb_statcast,True,False,context
746120,650911,66,19,2024-08-06,assessment,mlb_statcast,True,False,context
746181,579328,61,19,2024-09-13,assessment,mlb_statcast,True,False,context
746188,542881,30,10,2024-08-14,assessment,mlb_statcast,True,False,context
746188,542881,63,19,2024-08-14,assessment,mlb_statcast,True,False,context
746188,542881,94,28,2024-08-14,assessment,mlb_statcast,True,False,context
746194,656849,34,10,2024-08-03,assessment,mlb_statcast,True,False,context
746194,656849,62,19,2024-08-03,assessment,mlb_statcast,True,False,context
746198,607536,62,19,2024-07-31,assessment,mlb_statcast,True,False,context
746203,542881,63,19,2024-07-27,assessment,mlb_statcast,True,False,context
746255,663903,69,19,2024-09-21,assessment,mlb_statcast,True,False,context
746257,666142,29,10,2024-09-06,assessment,mlb_statcast,True,False,context
746261,666142,27,10,2024-09-17,assessment,mlb_statcast,True,False,context
746266,542881,30,10,2024-08-20,assessment,mlb_statcast,True,False,context
746266,542881,54,19,2024-08-20,assessment,mlb_statcast,True,False,context
746266,542881,63,21,2024-08-20,assessment,mlb_statcast,True,True,context
746266,542881,87,28,2024-08-20,assessment,mlb_statcast,True,False,context
746266,542881,94,30,2024-08-20,assessment,mlb_statcast,True,False,context
746272,666142,69,19,2024-08-07,assessment,mlb_statcast,True,False,context
746276,663903,67,19,2024-08-05,assessment,mlb_statcast,True,False,context
746279,669194,64,19,2024-07-24,assessment,mlb_statcast,True,False,context
746280,666142,29,10,2024-07-22,assessment,mlb_statcast,True,False,context
746280,666142,66,19,2024-07-22,assessment,mlb_statcast,True,False,context
746286,663903,65,19,2024-07-20,assessment,mlb_statcast,True,False,context
746344,579328,33,10,2024-09-07,assessment,mlb_statcast,True,False,context
746344,579328,67,19,2024-09-07,assessment,mlb_statcast,True,True,context
746344,593958,29,10,2024-09-07,assessment,mlb_statcast,True,False,context
746344,593958,65,19,2024-09-07,assessment,mlb_statcast,True,True,context
746345,669194,31,10,2024-09-08,assessment,mlb_statcast,True,False,context
746345,669194,62,19,2024-09-08,assessment,mlb_statcast,True,False,context
746347,679525,69,19,2024-09-01,assessment,mlb_statcast,True,False,context
746351,579328,69,19,2024-08-19,assessment,mlb_statcast,True,False,context
746451,594902,63,19,2024-07-09,assessment,mlb_statcast,True,False,context
746452,656427,28,10,2024-07-11,assessment,mlb_statcast,True,False,context
746452,656427,67,19,2024-07-11,assessment,mlb_statcast,True,False,context
746495,502043,68,19,2024-09-26,assessment,mlb_statcast,True,False,context
746495,607536,69,19,2024-09-26,assessment,mlb_statcast,True,True,context
746500,593958,69,19,2024-09-18,assessment,mlb_statcast,True,False,context
746506,543294,31,10,2024-09-15,assessment,mlb_statcast,True,False,context
746506,543294,66,19,2024-09-15,assessment,mlb_statcast,True,False,context
746508,607536,29,10,2024-09-14,assessment,mlb_statcast,True,True,context
746508,607536,58,19,2024-09-14,assessment,mlb_statcast,True,True,context
746508,607536,86,28,2024-09-14,assessment,mlb_statcast,True,False,context
746512,607536,32,10,2024-08-28,assessment,mlb_statcast,True,False,context
746512,607536,67,19,2024-08-28,assessment,mlb_statcast,True,True,context
746515,607536,27,10,2024-08-17,assessment,mlb_statcast,True,False,context
746519,607536,27,10,2024-08-06,assessment,mlb_statcast,True,False,context
746519,607536,68,19,2024-08-06,assessment,mlb_statcast,True,True,context
746519,622663,31,10,2024-08-06,assessment,mlb_statcast,True,True,context
746519,622663,67,19,2024-08-06,assessment,mlb_statcast,True,False,context
746527,657277,68,19,2024-07-20,assessment,mlb_statcast,True,True,context
746527,657277,97,28,2024-07-20,assessment,mlb_statcast,False,False,context
746530,663903,32,10,2024-07-07,assessment,mlb_statcast,True,False,context
746530,663903,59,19,2024-07-07,assessment,mlb_statcast,True,False,context
746533,607536,25,10,2024-07-05,assessment,mlb_statcast,True,True,context
746533,607536,53,19,2024-07-05,assessment,mlb_statcast,True,False,context
746533,607536,89,28,2024-07-05,assessment,mlb_statcast,False,False,context
746533,666142,30,10,2024-07-05,assessment,mlb_statcast,True,False,context
746533,666142,68,19,2024-07-05,assessment,mlb_statcast,True,True,context
746533,666142,103,28,2024-07-05,assessment,mlb_statcast,False,False,context
746578,594902,68,19,2024-09-28,assessment,mlb_statcast,True,False,context
746585,594902,28,10,2024-09-15,assessment,mlb_statcast,True,False,context
746585,594902,56,19,2024-09-15,assessment,mlb_statcast,False,False,context
746596,671106,33,10,2024-08-26,assessment,mlb_statcast,True,True,context
746596,671106,51,19,2024-08-26,assessment,mlb_statcast,True,True,context
746599,594902,68,19,2024-08-24,assessment,mlb_statcast,True,False,context
746600,671106,34,10,2024-08-05,assessment,mlb_statcast,True,False,context
746602,593958,22,10,2024-08-07,assessment,mlb_statcast,True,True,context
746602,593958,50,19,2024-08-07,assessment,mlb_statcast,True,True,context
746603,594902,70,19,2024-08-12,assessment,mlb_statcast,True,False,context
746619,594902,32,10,2024-07-04,assessment,mlb_statcast,True,False,context
746619,594902,67,19,2024-07-04,assessment,mlb_statcast,True,False,context
746689,607536,29,10,2024-07-10,assessment,mlb_statcast,True,False,context
746689,607536,67,19,2024-07-10,assessment,mlb_statcast,True,False,context
746750,640455,66,19,2024-09-01,assessment,mlb_statcast,True,True,context
746764,663903,22,10,2024-07-31,assessment,mlb_statcast,True,False,context
746764,663903,50,19,2024-07-31,assessment,mlb_statcast,True,False,context
746765,679525,30,10,2024-07-29,assessment,mlb_statcast,True,False,context
746765,679525,61,19,2024-07-29,assessment,mlb_statcast,True,False,context
746819,543294,30,10,2024-09-28,assessment,mlb_statcast,True,True,context
746819,543294,57,19,2024-09-28,assessment,mlb_statcast,True,False,context
746846,502043,32,10,2024-08-03,assessment,mlb_statcast,True,False,context
746846,502043,57,19,2024-08-03,assessment,mlb_statcast,True,False,context
746852,543294,32,10,2024-07-20,assessment,mlb_statcast,True,True,context
746852,543294,68,19,2024-07-20,assessment,mlb_statcast,True,False,context
746856,542881,33,10,2024-07-06,assessment,mlb_statcast,True,False,context
746856,542881,62,19,2024-07-06,assessment,mlb_statcast,True,False,context
746857,650911,33,10,2024-07-04,assessment,mlb_statcast,True,True,context
746857,650911,62,19,2024-07-04,assessment,mlb_statcast,True,False,context
746858,554430,26,10,2024-07-03,assessment,mlb_statcast,True,False,context
746858,554430,67,19,2024-07-03,assessment,mlb_statcast,True,False,context
746919,641540,67,19,2024-08-14,assessment,mlb_statcast,True,True,context
746920,669194,27,10,2024-08-23,assessment,mlb_statcast,True,True,context
746920,669194,67,19,2024-08-23,assessment,mlb_statcast,True,False,context
746931,573186,27,10,2024-07-27,assessment,mlb_statcast,True,False,context
746931,573186,59,19,2024-07-27,assessment,mlb_statcast,False,False,context
746933,641482,22,10,2024-07-26,assessment,mlb_statcast,True,False,context
746933,641482,32,13,2024-07-26,assessment,mlb_statcast,True,False,context
746933,641482,53,19,2024-07-26,assessment,mlb_statcast,True,False,context
746933,641482,64,22,2024-07-26,assessment,mlb_statcast,True,True,context
746984,669203,33,10,2024-09-20,assessment,mlb_statcast,True,False,context
746984,669203,59,19,2024-09-20,assessment,mlb_statcast,True,True,context
746984,669203,62,20,2024-09-20,assessment,mlb_statcast,True,False,context
746989,669203,69,19,2024-09-08,assessment,mlb_statcast,True,True,context
746998,669203,67,19,2024-08-22,assessment,mlb_statcast,True,True,context
747001,669203,34,10,2024-08-16,assessment,mlb_statcast,True,False,context
747001,669203,68,19,2024-08-16,assessment,mlb_statcast,True,False,context
747005,669203,33,10,2024-07-30,assessment,mlb_statcast,True,True,context
747005,669203,60,19,2024-07-30,assessment,mlb_statcast,True,False,context
747005,669203,96,28,2024-07-30,assessment,mlb_statcast,False,False,context
747015,669203,29,10,2024-07-10,assessment,mlb_statcast,True,False,context
747015,669203,67,19,2024-07-10,assessment,mlb_statcast,True,False,context
747061,679525,66,19,2024-09-29,assessment,mlb_statcast,False,False,context
747080,519242,66,19,2024-08-23,assessment,mlb_statcast,True,False,context
747080,519242,91,28,2024-08-23,assessment,mlb_statcast,True,False,context
747082,650911,70,19,2024-08-22,assessment,mlb_statcast,True,False,context
747103,657277,34,10,2024-07-04,assessment,mlb_statcast,True,False,context
747103,657277,69,19,2024-07-04,assessment,mlb_statcast,True,False,context
747146,593958,29,10,2024-09-28,assessment,mlb_statcast,True,True,context
747146,593958,33,12,2024-09-28,assessment,mlb_statcast,True,False,context
747146,593958,56,19,2024-09-28,assessment,mlb_statcast,True,True,context
747147,527048,60,20,2024-09-29,assessment,mlb_statcast,True,False,context
747153,593958,33,10,2024-09-13,assessment,mlb_statcast,True,False,context
747159,656849,30,10,2024-08-29,assessment,mlb_statcast,True,True,context
747159,656849,55,19,2024-08-29,assessment,mlb_statcast,True,False,context
747159,669194,32,10,2024-08-29,assessment,mlb_statcast,True,False,context
747159,669194,64,19,2024-08-29,assessment,mlb_statcast,True,False,context
747160,593958,71,19,2024-08-13,assessment,mlb_statcast,False,False,context
747164,605400,33,10,2024-08-10,assessment,mlb_statcast,True,True,context
747166,650911,28,10,2024-08-11,assessment,mlb_statcast,True,True,context
747166,650911,60,19,2024-08-11,assessment,mlb_statcast,True,False,context
747168,669194,67,19,2024-08-09,assessment,mlb_statcast,True,True,context
747175,669194,66,19,2024-07-12,assessment,mlb_statcast,True,True,context
747176,579328,68,19,2024-07-14,assessment,mlb_statcast,True,False,context
744813,641482,65,19,2024-08-26,assessment,mlb_statcast,True,False,proposed
744838,640455,93,28,2024-07-02,assessment,mlb_statcast,False,False,proposed
744840,656849,34,10,2024-07-01,assessment,mlb_statcast,True,True,proposed
744881,640455,66,19,2024-09-11,assessment,mlb_statcast,True,False,proposed
744882,592332,37,12,2024-09-13,assessment,mlb_statcast,True,False,proposed
744882,592332,63,20,2024-09-13,assessment,mlb_statcast,True,False,proposed
744882,592332,95,28,2024-09-13,assessment,mlb_statcast,True,True,proposed
744886,656849,62,19,2024-09-10,assessment,mlb_statcast,False,False,proposed
744886,656849,64,20,2024-09-10,assessment,mlb_statcast,False,False,proposed
744886,656849,68,21,2024-09-10,assessment,mlb_statcast,False,False,proposed
744886,656849,70,22,2024-09-10,assessment,mlb_statcast,False,False,proposed
744899,592332,91,28,2024-08-08,assessment,mlb_statcast,False,False,proposed
744899,592332,96,29,2024-08-08,assessment,mlb_statcast,False,False,proposed
744908,592332,62,19,2024-07-27,assessment,mlb_statcast,True,False,proposed
744908,592332,83,28,2024-07-27,assessment,mlb_statcast,True,False,proposed
744908,592332,92,30,2024-07-27,assessment,mlb_statcast,True,False,proposed
744909,592332,26,11,2024-07-21,assessment,mlb_statcast,True,False,proposed
744909,592332,28,11,2024-07-21,assessment,mlb_statcast,True,False,proposed
744909,592332,32,12,2024-07-21,assessment,mlb_statcast,True,False,proposed
744909,592332,67,20,2024-07-21,assessment,mlb_statcast,True,True,proposed
744909,592332,95,28,2024-07-21,assessment,mlb_statcast,False,False,proposed
745066,594902,28,10,2024-07-14,assessment,mlb_statcast,True,True,proposed
745123,502043,51,19,2024-09-20,assessment,mlb_statcast,True,True,proposed
745123,502043,55,20,2024-09-20,assessment,mlb_statcast,True,False,proposed
745123,502043,61,22,2024-09-20,assessment,mlb_statcast,True,False,proposed
745123,594902,35,10,2024-09-20,assessment,mlb_statcast,True,False,proposed
745132,656302,28,10,2024-08-27,assessment,mlb_statcast,True,False,proposed
745132,656302,32,11,2024-08-27,assessment,mlb_statcast,True,False,proposed
745132,656302,40,12,2024-08-27,assessment,mlb_statcast,True,False,proposed
745133,502043,33,10,2024-08-26,assessment,mlb_statcast,True,False,proposed
745134,605397,59,19,2024-08-28,assessment,mlb_statcast,True,False,proposed
745134,605397,65,20,2024-08-28,assessment,mlb_statcast,True,False,proposed
745138,502043,72,19,2024-08-21,assessment,mlb_statcast,True,False,proposed
745143,502043,32,11,2024-08-08,assessment,mlb_statcast,True,False,proposed
745143,502043,67,19,2024-08-08,assessment,mlb_statcast,True,False,proposed
745153,543294,71,19,2024-07-12,assessment,mlb_statcast,True,False,proposed
745184,640455,97,28,2024-08-05,assessment,mlb_statcast,False,False,proposed
745199,641482,73,19,2024-09-18,assessment,mlb_statcast,True,True,proposed
745286,657277,71,19,2024-09-13,assessment,mlb_statcast,False,False,proposed
745291,650644,63,19,2024-09-10,assessment,mlb_statcast,False,False,proposed
745297,657277,22,10,2024-08-21,assessment,mlb_statcast,True,True,proposed
745297,657277,24,10,2024-08-21,assessment,mlb_statcast,True,False,proposed
745297,657277,56,19,2024-08-21,assessment,mlb_statcast,True,False,proposed
745297,657277,60,19,2024-08-21,assessment,mlb_statcast,True,False,proposed
745297,657277,64,20,2024-08-21,assessment,mlb_statcast,True,False,proposed
745297,657277,72,21,2024-08-21,assessment,mlb_statcast,True,False,proposed
745306,657277,34,10,2024-07-31,assessment,mlb_statcast,True,False,proposed
745306,657277,88,28,2024-07-31,assessment,mlb_statcast,True,True,proposed
745306,657277,94,29,2024-07-31,assessment,mlb_statcast,True,False,proposed
745306,657277,98,31,2024-07-31,assessment,mlb_statcast,True,False,proposed
745306,657277,101,32,2024-07-31,assessment,mlb_statcast,True,False,proposed
745306,657277,104,34,2024-07-31,assessment,mlb_statcast,False,False,proposed
745313,592332,59,19,2024-07-11,assessment,mlb_statcast,True,True,proposed
745313,592332,61,19,2024-07-11,assessment,mlb_statcast,True,False,proposed
745313,592332,63,19,2024-07-11,assessment,mlb_statcast,True,False,proposed
745313,592332,65,20,2024-07-11,assessment,mlb_statcast,True,False,proposed
745318,657277,78,22,2024-07-10,assessment,mlb_statcast,True,False,proposed
745366,650633,55,19,2024-09-17,assessment,mlb_statcast,True,False,proposed
745366,650633,59,20,2024-09-17,assessment,mlb_statcast,True,False,proposed
745369,527048,35,10,2024-09-05,assessment,mlb_statcast,True,False,proposed
745369,527048,68,21,2024-09-05,assessment,mlb_statcast,True,True,proposed
745372,657277,23,10,2024-09-07,assessment,mlb_statcast,True,True,proposed
745372,657277,25,10,2024-09-07,assessment,mlb_statcast,True,False,proposed
745372,657277,28,11,2024-09-07,assessment,mlb_statcast,True,False,proposed
745372,657277,32,13,2024-09-07,assessment,mlb_statcast,True,False,proposed
745372,657277,60,20,2024-09-07,assessment,mlb_statcast,True,False,proposed
745372,657277,70,22,2024-09-07,assessment,mlb_statcast,False,False,proposed
745377,656849,94,28,2024-08-24,assessment,mlb_statcast,False,False,proposed
745379,622663,68,19,2024-08-22,assessment,mlb_statcast,True,False,proposed
745379,656302,74,20,2024-08-22,assessment,mlb_statcast,True,False,proposed
745379,656302,98,28,2024-08-22,assessment,mlb_statcast,False,False,proposed
745380,650633,70,19,2024-08-19,assessment,mlb_statcast,True,True,proposed
745380,650633,72,19,2024-08-19,assessment,mlb_statcast,True,False,proposed
745449,663903,36,10,2024-09-15,assessment,mlb_statcast,True,True,proposed
745472,527048,64,19,2024-07-24,assessment,mlb_statcast,True,False,proposed
745479,622663,51,19,2024-07-05,assessment,mlb_statcast,True,False,proposed
745479,622663,53,19,2024-07-05,assessment,mlb_statcast,True,False,proposed
745479,622663,57,20,2024-07-05,assessment,mlb_statcast,True,False,proposed
745479,622663,59,21,2024-07-05,assessment,mlb_statcast,True,False,proposed
745479,622663,88,28,2024-07-05,assessment,mlb_statcast,True,False,proposed
745481,527048,34,10,2024-07-19,assessment,mlb_statcast,True,False,proposed
745481,527048,36,11,2024-07-19,assessment,mlb_statcast,True,False,proposed
745481,527048,39,11,2024-07-19,assessment,mlb_statcast,True,True,proposed
745484,527048,61,19,2024-07-04,assessment,mlb_statcast,True,True,proposed
745484,527048,63,20,2024-07-04,assessment,mlb_statcast,True,False,proposed
745530,650911,62,20,2024-09-15,assessment,mlb_statcast,True,True,proposed
745530,650911,64,20,2024-09-15,assessment,mlb_statcast,True,False,proposed
745530,656849,32,10,2024-09-15,assessment,mlb_statcast,True,False,proposed
745530,656849,97,28,2024-09-15,assessment,mlb_statcast,False,False,proposed
745532,554430,31,10,2024-08-31,assessment,mlb_statcast,True,False,proposed
745532,554430,33,11,2024-08-31,assessment,mlb_statcast,True,False,proposed
745537,650911,31,10,2024-08-17,assessment,mlb_statcast,True,True,proposed
745537,650911,61,19,2024-08-17,assessment,mlb_statcast,True,False,proposed
745537,650911,66,21,2024-08-17,assessment,mlb_statcast,True,False,proposed
745537,650911,68,21,2024-08-17,assessment,mlb_statcast,True,True,proposed
745537,650911,94,28,2024-08-17,assessment,mlb_statcast,False,False,proposed
745546,605400,63,19,2024-07-30,assessment,mlb_statcast,True,True,proposed
745546,605400,65,20,2024-07-30,assessment,mlb_statcast,True,False,proposed
745554,650911,60,19,2024-07-26,assessment,mlb_statcast,True,True,proposed
745554,650911,66,22,2024-07-26,assessment,mlb_statcast,True,False,proposed
745554,650911,80,28,2024-07-26,assessment,mlb_statcast,False,False,proposed
745557,554430,31,11,2024-07-09,assessment,mlb_statcast,True,False,proposed
745606,543037,57,19,2024-09-20,assessment,mlb_statcast,True,False,proposed
745606,543037,60,19,2024-09-20,assessment,mlb_statcast,True,False,proposed
745606,543037,64,20,2024-09-20,assessment,mlb_statcast,True,False,proposed
745606,543037,93,28,2024-09-20,assessment,mlb_statcast,False,False,proposed
745606,543037,96,29,2024-09-20,assessment,mlb_statcast,False,False,proposed
745690,573186,64,19,2024-09-25,assessment,mlb_statcast,True,False,proposed
745691,669203,29,10,2024-09-26,assessment,mlb_statcast,True,False,proposed
745699,502043,64,19,2024-08-31,assessment,mlb_statcast,True,False,proposed
745701,641482,26,10,2024-09-01,assessment,mlb_statcast,True,False,proposed
745701,641482,34,12,2024-09-01,assessment,mlb_statcast,True,True,proposed
745701,641482,41,13,2024-09-01,assessment,mlb_statcast,True,False,proposed
745701,641482,65,19,2024-09-01,assessment,mlb_statcast,True,False,proposed
745701,641482,68,20,2024-09-01,assessment,mlb_statcast,False,False,proposed
745701,641482,80,21,2024-09-01,assessment,mlb_statcast,False,False,proposed
745767,554430,62,19,2024-09-22,assessment,mlb_statcast,True,True,proposed
745767,554430,91,28,2024-09-22,assessment,mlb_statcast,False,False,proposed
745768,640455,69,20,2024-09-21,assessment,mlb_statcast,True,False,proposed
745769,622663,72,19,2024-09-19,assessment,mlb_statcast,False,False,proposed
745770,656849,60,19,2024-09-20,assessment,mlb_statcast,True,False,proposed
745773,640455,30,10,2024-09-16,assessment,mlb_statcast,True,True,proposed
745779,622663,26,10,2024-09-02,assessment,mlb_statcast,True,False,proposed
745785,622663,65,21,2024-08-17,assessment,mlb_statcast,True,False,proposed
745785,622663,69,23,2024-08-17,assessment,mlb_statcast,True,False,proposed
745785,622663,96,28,2024-08-17,assessment,mlb_statcast,True,True,proposed
745785,622663,99,30,2024-08-17,assessment,mlb_statcast,False,False,proposed
745790,656849,70,19,2024-08-14,assessment,mlb_statcast,True,True,proposed
745790,656849,73,21,2024-08-14,assessment,mlb_statcast,True,False,proposed
745796,622663,34,10,2024-07-10,assessment,mlb_statcast,True,False,proposed
745796,622663,69,21,2024-07-10,assessment,mlb_statcast,True,False,proposed
745874,663903,73,19,2024-08-12,assessment,mlb_statcast,True,False,proposed
745877,605400,25,10,2024-07-24,assessment,mlb_statcast,True,False,proposed
745948,594902,30,10,2024-08-18,assessment,mlb_statcast,True,False,proposed
745967,650644,98,28,2024-07-11,assessment,mlb_statcast,True,False,proposed
746025,656302,71,20,2024-08-11,assessment,mlb_statcast,True,False,proposed
746029,665795,63,19,2024-08-20,assessment,mlb_statcast,True,True,proposed
746030,668881,72,19,2024-08-08,assessment,mlb_statcast,True,False,proposed
746032,527048,63,20,2024-08-09,assessment,mlb_statcast,True,False,proposed
746040,665795,67,19,2024-07-19,assessment,mlb_statcast,True,False,proposed
746088,605397,59,19,2024-09-26,assessment,mlb_statcast,True,False,proposed
746094,607536,66,19,2024-09-20,assessment,mlb_statcast,True,False,proposed
746101,543294,77,19,2024-09-09,assessment,mlb_statcast,True,True,proposed
746181,579328,62,19,2024-09-13,assessment,mlb_statcast,True,False,proposed
746187,592332,40,12,2024-08-13,assessment,mlb_statcast,True,False,proposed
746188,542881,94,28,2024-08-14,assessment,mlb_statcast,True,False,proposed
746194,656849,35,10,2024-08-03,assessment,mlb_statcast,True,False,proposed
746194,656849,66,20,2024-08-03,assessment,mlb_statcast,True,False,proposed
746198,607536,64,19,2024-07-31,assessment,mlb_statcast,True,False,proposed
746198,607536,67,20,2024-07-31,assessment,mlb_statcast,True,False,proposed
746207,542881,77,19,2024-07-12,assessment,mlb_statcast,True,False,proposed
746261,666142,30,11,2024-09-17,assessment,mlb_statcast,True,False,proposed
746266,542881,55,19,2024-08-20,assessment,mlb_statcast,True,True,proposed
746266,542881,59,19,2024-08-20,assessment,mlb_statcast,True,False,proposed
746276,663903,67,19,2024-08-05,assessment,mlb_statcast,True,False,proposed
746279,669194,64,19,2024-07-24,assessment,mlb_statcast,True,False,proposed
746279,669194,66,19,2024-07-24,assessment,mlb_statcast,True,False,proposed
746279,669194,71,19,2024-07-24,assessment,mlb_statcast,True,False,proposed
746280,666142,31,10,2024-07-22,assessment,mlb_statcast,True,False,proposed
746280,666142,66,19,2024-07-22,assessment,mlb_statcast,True,False,proposed
746344,579328,34,10,2024-09-07,assessment,mlb_statcast,True,False,proposed
746344,579328,68,19,2024-09-07,assessment,mlb_statcast,True,True,proposed
746344,579328,71,19,2024-09-07,assessment,mlb_statcast,True,False,proposed
746344,593958,30,10,2024-09-07,assessment,mlb_statcast,True,False,proposed
746344,593958,67,19,2024-09-07,assessment,mlb_statcast,True,True,proposed
746452,656427,68,19,2024-07-11,assessment,mlb_statcast,True,False,proposed
746452,656427,74,21,2024-07-11,assessment,mlb_statcast,False,False,proposed
746453,681857,72,19,2024-07-10,assessment,mlb_statcast,True,False,proposed
746506,543294,32,10,2024-09-15,assessment,mlb_statcast,True,False,proposed
746508,607536,58,19,2024-09-14,assessment,mlb_statcast,True,True,proposed
746508,607536,60,19,2024-09-14,assessment,mlb_statcast,True,False,proposed
746508,607536,87,28,2024-09-14,assessment,mlb_statcast,True,False,proposed
746508,607536,90,29,2024-09-14,assessment,mlb_statcast,False,False,proposed
746515,607536,27,10,2024-08-17,assessment,mlb_statcast,True,False,proposed
746515,607536,31,10,2024-08-17,assessment,mlb_statcast,True,True,proposed
746519,607536,30,10,2024-08-06,assessment,mlb_statcast,True,False,proposed
746519,607536,35,12,2024-08-06,assessment,mlb_statcast,True,False,proposed
746527,657277,70,19,2024-07-20,assessment,mlb_statcast,True,True,proposed
746530,663903,59,19,2024-07-07,assessment,mlb_statcast,True,False,proposed
746533,607536,26,10,2024-07-05,assessment,mlb_statcast,True,True,proposed
746533,607536,53,19,2024-07-05,assessment,mlb_statcast,True,False,proposed
746533,607536,61,21,2024-07-05,assessment,mlb_statcast,True,False,proposed
746533,607536,67,22,2024-07-05,assessment,mlb_statcast,True,True,proposed
746533,607536,89,28,2024-07-05,assessment,mlb_statcast,False,False,proposed
746578,594902,68,19,2024-09-28,assessment,mlb_statcast,True,False,proposed
746578,594902,73,19,2024-09-28,assessment,mlb_statcast,True,False,proposed
746585,594902,28,10,2024-09-15,assessment,mlb_statcast,True,False,proposed
746585,594902,57,19,2024-09-15,assessment,mlb_statcast,False,False,proposed
746596,671106,51,19,2024-08-26,assessment,mlb_statcast,True,True,proposed
746596,671106,58,21,2024-08-26,assessment,mlb_statcast,True,False,proposed
746602,593958,22,10,2024-08-07,assessment,mlb_statcast,True,True,proposed
746602,593958,25,11,2024-08-07,assessment,mlb_statcast,True,False,proposed
746602,593958,50,19,2024-08-07,assessment,mlb_statcast,True,True,proposed
746619,594902,32,10,2024-07-04,assessment,mlb_statcast,True,False,proposed
746689,607536,30,10,2024-07-10,assessment,mlb_statcast,True,False,proposed
746693,681857,73,19,2024-07-05,assessment,mlb_statcast,True,True,proposed
746738,542881,34,10,2024-09-26,assessment,mlb_statcast,True,False,proposed
746750,640455,68,19,2024-09-01,assessment,mlb_statcast,True,True,proposed
746764,663903,23,10,2024-07-31,assessment,mlb_statcast,True,False,proposed
746764,663903,50,19,2024-07-31,assessment,mlb_statcast,True,False,proposed
746764,663903,55,20,2024-07-31,assessment,mlb_statcast,True,False,proposed
746764,663903,58,21,2024-07-31,assessment,mlb_statcast,True,False,proposed
746764,663903,60,21,2024-07-31,assessment,mlb_statcast,True,False,proposed
746765,679525,63,19,2024-07-29,assessment,mlb_statcast,True,False,proposed
746765,679525,69,21,2024-07-29,assessment,mlb_statcast,True,False,proposed
746819,543294,30,10,2024-09-28,assessment,mlb_statcast,True,True,proposed
746819,543294,57,19,2024-09-28,assessment,mlb_statcast,True,False,proposed
746846,502043,59,20,2024-08-03,assessment,mlb_statcast,True,False,proposed
746852,543294,39,11,2024-07-20,assessment,mlb_statcast,True,True,proposed
746856,542881,69,20,2024-07-06,assessment,mlb_statcast,True,False,proposed
746858,554430,26,10,2024-07-03,assessment,mlb_statcast,True,False,proposed
746920,669194,70,19,2024-08-23,assessment,mlb_statcast,True,False,proposed
746931,573186,27,10,2024-07-27,assessment,mlb_statcast,True,False,proposed
746931,573186,34,12,2024-07-27,assessment,mlb_statcast,True,False,proposed
746931,573186,60,19,2024-07-27,assessment,mlb_statcast,False,False,proposed
746933,641482,53,19,2024-07-26,assessment,mlb_statcast,True,False,proposed
746933,641482,55,19,2024-07-26,assessment,mlb_statcast,True,True,proposed
746984,669203,33,10,2024-09-20,assessment,mlb_statcast,True,False,proposed
746984,669203,59,19,2024-09-20,assessment,mlb_statcast,True,True,proposed
746984,669203,62,20,2024-09-20,assessment,mlb_statcast,True,False,proposed
746984,669203,73,22,2024-09-20,assessment,mlb_statcast,True,False,proposed
746989,669203,69,19,2024-09-08,assessment,mlb_statcast,True,True,proposed
746989,669203,72,20,2024-09-08,assessment,mlb_statcast,True,False,proposed
747005,669203,96,28,2024-07-30,assessment,mlb_statcast,False,False,proposed
747015,669203,31,11,2024-07-10,assessment,mlb_statcast,True,False,proposed
747015,669203,33,11,2024-07-10,assessment,mlb_statcast,True,False,proposed
747065,663903,38,10,2024-09-27,assessment,mlb_statcast,True,False,proposed
747080,519242,35,10,2024-08-23,assessment,mlb_statcast,True,True,proposed
747080,519242,67,20,2024-08-23,assessment,mlb_statcast,True,False,proposed
747080,519242,91,28,2024-08-23,assessment,mlb_statcast,True,False,proposed
747080,519242,95,28,2024-08-23,assessment,mlb_statcast,True,False,proposed
747080,519242,99,29,2024-08-23,assessment,mlb_statcast,True,False,proposed
747082,650911,38,10,2024-08-22,assessment,mlb_statcast,True,False,proposed
747103,657277,72,19,2024-07-04,assessment,mlb_statcast,True,True,proposed
747103,657277,74,19,2024-07-04,assessment,mlb_statcast,True,False,proposed
747146,593958,57,19,2024-09-28,assessment,mlb_statcast,True,True,proposed
747146,593958,61,20,2024-09-28,assessment,mlb_statcast,True,False,proposed
747147,527048,60,20,2024-09-29,assessment,mlb_statcast,True,False,proposed
747147,527048,64,20,2024-09-29,assessment,mlb_statcast,True,False,proposed
747159,656849,30,10,2024-08-29,assessment,mlb_statcast,True,True,proposed
747159,656849,55,19,2024-08-29,assessment,mlb_statcast,True,False,proposed
747159,656849,59,19,2024-08-29,assessment,mlb_statcast,True,False,proposed
747159,669194,67,19,2024-08-29,assessment,mlb_statcast,True,False,proposed
747166,650911,33,11,2024-08-11,assessment,mlb_statcast,True,True,proposed
747166,650911,61,19,2024-08-11,assessment,mlb_statcast,True,False,proposed
747166,650911,68,21,2024-08-11,assessment,mlb_statcast,True,True,proposed
747166,650911,70,21,2024-08-11,assessment,mlb_statcast,True,False,proposed
744798,605400,83,21,2024-09-29,assessment,mlb_statcast,True,True,pitch_count
744799,554430,83,21,2024-09-28,assessment,mlb_statcast,True,False,pitch_count
744800,665795,83,19,2024-09-13,assessment,mlb_statcast,True,False,pitch_count
744802,666142,83,21,2024-09-24,assessment,mlb_statcast,False,False,pitch_count
744811,543037,83,22,2024-08-27,assessment,mlb_statcast,False,False,pitch_count
744813,641482,83,23,2024-08-26,assessment,mlb_statcast,True,True,pitch_count
744821,657277,83,22,2024-08-05,assessment,mlb_statcast,True,False,pitch_count
744827,656302,83,19,2024-07-25,assessment,mlb_statcast,True,False,pitch_count
744838,640455,83,24,2024-07-02,assessment,mlb_statcast,True,True,pitch_count
744840,656849,83,23,2024-07-01,assessment,mlb_statcast,False,False,pitch_count
744877,592332,83,24,2024-09-25,assessment,mlb_statcast,True,False,pitch_count
744881,640455,83,23,2024-09-11,assessment,mlb_statcast,True,False,pitch_count
744882,592332,83,25,2024-09-13,assessment,mlb_statcast,True,False,pitch_count
744884,502043,83,21,2024-09-14,assessment,mlb_statcast,True,False,pitch_count
744887,650911,83,24,2024-09-04,assessment,mlb_statcast,True,False,pitch_count
744892,542881,83,19,2024-08-25,assessment,mlb_statcast,True,False,pitch_count
744892,542881,88,20,2024-08-25,assessment,mlb_statcast,False,False,pitch_count
744892,542881,90,21,2024-08-25,assessment,mlb_statcast,False,False,pitch_count
744892,592332,83,21,2024-08-25,assessment,mlb_statcast,False,False,pitch_count
744898,592332,83,20,2024-08-19,assessment,mlb_statcast,True,False,pitch_count
744899,592332,83,24,2024-08-08,assessment,mlb_statcast,True,False,pitch_count
744906,579328,83,20,2024-07-26,assessment,mlb_statcast,False,False,pitch_count
744908,592332,83,28,2024-07-27,assessment,mlb_statcast,True,False,pitch_count
744909,592332,83,25,2024-07-21,assessment,mlb_statcast,False,False,pitch_count
744910,579328,83,22,2024-07-20,assessment,mlb_statcast,True,True,pitch_count
744911,656427,83,19,2024-07-19,assessment,mlb_statcast,True,True,pitch_count
744915,579328,83,20,2024-07-03,assessment,mlb_statcast,True,True,pitch_count
744963,542881,83,17,2024-09-07,assessment,mlb_statcast,True,False,pitch_count
744963,542881,85,17,2024-09-07,assessment,mlb_statcast,True,False,pitch_count
744964,573186,83,19,2024-09-04,assessment,mlb_statcast,True,True,pitch_count
744981,579328,83,20,2024-08-07,assessment,mlb_statcast,True,True,pitch_count
744990,669203,83,20,2024-07-19,assessment,mlb_statcast,True,False,pitch_count
744996,650633,83,19,2024-07-04,assessment,mlb_statcast,True,True,pitch_count
744999,656302,83,20,2024-07-02,assessment,mlb_statcast,False,False,pitch_count
745048,656302,83,20,2024-09-01,assessment,mlb_statcast,True,False,pitch_count
745052,527048,83,18,2024-08-30,assessment,mlb_statcast,True,False,pitch_count
745054,669194,83,22,2024-08-16,assessment,mlb_statcast,True,False,pitch_count
745055,579328,83,16,2024-08-13,assessment,mlb_statcast,False,False,pitch_count
745056,669203,83,21,2024-08-10,assessment,mlb_statcast,True,False,pitch_count
745063,668881,83,22,2024-07-28,assessment,mlb_statcast,True,False,pitch_count
745065,641482,83,21,2024-07-11,assessment,mlb_statcast,True,True,pitch_count
745069,573186,84,21,2024-07-10,assessment,mlb_statcast,False,False,pitch_count
745125,502043,83,20,2024-09-07,assessment,mlb_statcast,True,False,pitch_count
745132,656302,83,22,2024-08-27,assessment,mlb_statcast,False,False,pitch_count
745132,656302,89,23,2024-08-27,assessment,mlb_statcast,False,False,pitch_count
745133,502043,83,22,2024-08-26,assessment,mlb_statcast,False,False,pitch_count
745134,605397,83,24,2024-08-28,assessment,mlb_statcast,True,True,pitch_count
745135,650633,83,19,2024-08-29,assessment,mlb_statcast,True,False,pitch_count
745138,502043,83,22,2024-08-21,assessment,mlb_statcast,False,False,pitch_count
745143,502043,83,22,2024-08-08,assessment,mlb_statcast,False,False,pitch_count
745150,502043,83,23,2024-07-27,assessment,mlb_statcast,True,False,pitch_count
745153,543294,83,23,2024-07-12,assessment,mlb_statcast,False,False,pitch_count
745155,679525,83,18,2024-07-10,assessment,mlb_statcast,True,False,pitch_count
745175,502043,83,21,2024-07-13,assessment,mlb_statcast,False,False,pitch_count
745184,640455,83,24,2024-08-05,assessment,mlb_statcast,True,False,pitch_count
745199,641482,83,22,2024-09-18,assessment,mlb_statcast,True,False,pitch_count
745214,650633,83,21,2024-09-11,assessment,mlb_statcast,False,False,pitch_count
745216,622663,83,20,2024-08-11,assessment,mlb_statcast,True,True,pitch_count
745219,640455,83,17,2024-08-10,assessment,mlb_statcast,True,False,pitch_count
745222,554430,83,24,2024-08-04,assessment,mlb_statcast,True,False,pitch_count
745232,542881,83,21,2024-07-22,assessment,mlb_statcast,True,True,pitch_count
745236,669203,83,19,2024-07-04,assessment,mlb_statcast,False,False,pitch_count
745237,592332,83,20,2024-07-05,assessment,mlb_statcast,True,True,pitch_count
745284,605397,83,21,2024-09-14,assessment,mlb_statcast,False,False,pitch_count
745286,656302,83,20,2024-09-13,assessment,mlb_statcast,False,False,pitch_count
745286,657277,83,21,2024-09-13,assessment,mlb_statcast,False,False,pitch_count
745292,657277,83,25,2024-09-01,assessment,mlb_statcast,False,False,pitch_count
745293,669194,83,21,2024-09-03,assessment,mlb_statcast,True,False,pitch_count
745296,665795,83,20,2024-08-31,assessment,mlb_statcast,True,True,pitch_count
745297,657277,83,23,2024-08-21,assessment,mlb_statcast,False,False,pitch_count
745298,657277,83,22,2024-08-15,assessment,mlb_statcast,True,False,pitch_count
745300,519242,83,20,2024-08-12,assessment,mlb_statcast,True,False,pitch_count
745304,657277,83,23,2024-08-10,assessment,mlb_statcast,True,False,pitch_count
745306,657277,83,25,2024-07-31,assessment,mlb_statcast,True,True,pitch_count
745313,592332,83,23,2024-07-11,assessment,mlb_statcast,True,False,pitch_count
745315,607536,83,21,2024-07-26,assessment,mlb_statcast,True,False,pitch_count
745316,579328,83,23,2024-07-09,assessment,mlb_statcast,True,False,pitch_count
745318,657277,83,23,2024-07-10,assessment,mlb_statcast,True,False,pitch_count
745364,605397,83,22,2024-09-20,assessment,mlb_statcast,False,False,pitch_count
745365,656302,83,21,2024-09-18,assessment,mlb_statcast,True,False,pitch_count
745366,650633,83,26,2024-09-17,assessment,mlb_statcast,False,False,pitch_count
745371,650633,83,21,2024-09-06,assessment,mlb_statcast,True,False,pitch_count
745372,656302,83,21,2024-09-07,assessment,mlb_statcast,True,False,pitch_count
745372,657277,83,27,2024-09-07,assessment,mlb_statcast,False,False,pitch_count
745373,605397,83,21,2024-09-02,assessment,mlb_statcast,False,False,pitch_count
745377,650633,83,23,2024-08-24,assessment,mlb_statcast,False,False,pitch_count
745377,656849,83,25,2024-08-24,assessment,mlb_statcast,True,False,pitch_count
745377,656849,85,25,2024-08-24,assessment,mlb_statcast,True,False,pitch_count
745379,622663,83,22,2024-08-22,assessment,mlb_statcast,True,False,pitch_count
745379,656302,83,24,2024-08-22,assessment,mlb_statcast,True,False,pitch_count
745379,656302,85,24,2024-08-22,assessment,mlb_statcast,True,False,pitch_count
745379,656302,89,25,2024-08-22,assessment,mlb_statcast,True,False,pitch_count
745379,656302,96,27,2024-08-22,assessment,mlb_statcast,False,False,pitch_count
745379,656302,102,28,2024-08-22,assessment,mlb_statcast,False,False,pitch_count
745380,650633,83,24,2024-08-19,assessment,mlb_statcast,False,False,pitch_count
745381,527048,83,22,2024-08-14,assessment,mlb_statcast,False,False,pitch_count
745382,650633,83,22,2024-08-13,assessment,mlb_statcast,False,False,pitch_count
745386,656302,83,19,2024-07-31,assessment,mlb_statcast,True,False,pitch_count
745391,656302,83,20,2024-07-07,assessment,mlb_statcast,True,False,pitch_count
745391,669194,83,22,2024-07-07,assessment,mlb_statcast,False,False,pitch_count
745392,656302,83,18,2024-07-13,assessment,mlb_statcast,True,False,pitch_count
745394,650633,83,22,2024-07-10,assessment,mlb_statcast,False,False,pitch_count
745443,650644,83,22,2024-09-26,assessment,mlb_statcast,False,False,pitch_count
745447,679525,83,20,2024-09-13,assessment,mlb_statcast,True,True,pitch_count
745449,663903,83,23,2024-09-15,assessment,mlb_statcast,True,False,pitch_count
745468,669194,83,19,2024-08-04,assessment,mlb_statcast,False,False,pitch_count
745469,650633,83,22,2024-08-07,assessment,mlb_statcast,True,False,pitch_count
745472,527048,83,24,2024-07-24,assessment,mlb_statcast,True,True,pitch_count
745476,656849,83,19,2024-07-06,assessment,mlb_statcast,True,False,pitch_count
745477,640455,83,22,2024-07-07,assessment,mlb_statcast,False,False,pitch_count
745478,650911,83,21,2024-07-20,assessment,mlb_statcast,True,False,pitch_count
745479,622663,83,26,2024-07-05,assessment,mlb_statcast,True,True,pitch_count
745484,527048,83,25,2024-07-04,assessment,mlb_statcast,False,False,pitch_count
745521,650911,83,20,2024-09-25,assessment,mlb_statcast,True,False,pitch_count
745525,554430,83,21,2024-09-11,assessment,mlb_statcast,True,True,pitch_count
745527,605400,83,22,2024-09-23,assessment,mlb_statcast,True,True,pitch_count
745528,622663,83,21,2024-09-14,assessment,mlb_statcast,True,False,pitch_count
745529,605400,83,20,2024-09-13,assessment,mlb_statcast,True,True,pitch_count
745530,650911,83,27,2024-09-15,assessment,mlb_statcast,True,False,pitch_count
745530,656849,83,24,2024-09-15,assessment,mlb_statcast,True,False,pitch_count
745531,650911,83,21,2024-08-29,assessment,mlb_statcast,True,True,pitch_count
745532,554430,83,22,2024-08-31,assessment,mlb_statcast,True,False,pitch_count
745534,650911,83,20,2024-09-09,assessment,mlb_statcast,False,False,pitch_count
745536,605400,83,20,2024-09-01,assessment,mlb_statcast,True,False,pitch_count
745537,650911,83,25,2024-08-17,assessment,mlb_statcast,True,False,pitch_count
745538,554430,83,21,2024-08-26,assessment,mlb_statcast,False,False,pitch_count
745540,605400,83,20,2024-08-27,assessment,mlb_statcast,True,False,pitch_count
745542,605400,83,23,2024-08-16,assessment,mlb_statcast,True,False,pitch_count
745543,641482,83,18,2024-07-31,assessment,mlb_statcast,True,False,pitch_count
745543,641482,87,19,2024-07-31,assessment,mlb_statcast,False,False,pitch_count
745543,650911,83,22,2024-07-31,assessment,mlb_statcast,False,False,pitch_count
745545,554430,83,18,2024-08-15,assessment,mlb_statcast,True,True,pitch_count
745546,605400,83,25,2024-07-30,assessment,mlb_statcast,False,False,pitch_count
745547,554430,83,21,2024-07-29,assessment,mlb_statcast,True,False,pitch_count
745554,594902,83,22,2024-07-26,assessment,mlb_statcast,False,False,pitch_count
745554,650911,83,28,2024-07-26,assessment,mlb_statcast,False,False,pitch_count
745556,650911,83,23,2024-07-10,assessment,mlb_statcast,False,False,pitch_count
745558,605400,83,20,2024-07-11,assessment,mlb_statcast,True,False,pitch_count
745606,543037,84,26,2024-09-20,assessment,mlb_statcast,True,False,pitch_count
745606,543037,96,29,2024-09-20,assessment,mlb_statcast,False,False,pitch_count
745606,543037,99,29,2024-09-20,assessment,mlb_statcast,False,False,pitch_count
745636,656427,83,20,2024-08-03,assessment,mlb_statcast,True,True,pitch_count
745691,543037,83,17,2024-09-26,assessment,mlb_statcast,True,True,pitch_count
745694,573186,83,24,2024-09-10,assessment,mlb_statcast,False,False,pitch_count
745695,641482,83,18,2024-09-12,assessment,mlb_statcast,True,False,pitch_count
745697,666142,83,20,2024-09-11,assessment,mlb_statcast,True,False,pitch_count
745698,663903,83,19,2024-09-09,assessment,mlb_statcast,True,False,pitch_count
745699,502043,83,24,2024-08-31,assessment,mlb_statcast,False,False,pitch_count
745700,573186,84,25,2024-08-30,assessment,mlb_statcast,False,False,pitch_count
745700,573186,88,26,2024-08-30,assessment,mlb_statcast,False,False,pitch_count
745700,573186,90,26,2024-08-30,assessment,mlb_statcast,False,False,pitch_count
745700,573186,92,26,2024-08-30,assessment,mlb_statcast,False,False,pitch_count
745700,573186,94,27,2024-08-30,assessment,mlb_statcast,False,False,pitch_count
745700,573186,97,27,2024-08-30,assessment,mlb_statcast,False,False,pitch_count
745702,607536,83,23,2024-08-23,assessment,mlb_statcast,True,False,pitch_count
745704,641482,83,21,2024-08-21,assessment,mlb_statcast,True,False,pitch_count
745704,641482,96,22,2024-08-21,assessment,mlb_statcast,False,False,pitch_count
745705,543037,83,20,2024-08-22,assessment,mlb_statcast,True,True,pitch_count
745706,573186,83,19,2024-08-25,assessment,mlb_statcast,True,True,pitch_count
745706,573186,92,21,2024-08-25,assessment,mlb_statcast,True,True,pitch_count
745708,543037,83,22,2024-08-10,assessment,mlb_statcast,False,False,pitch_count
745710,542881,83,20,2024-08-08,assessment,mlb_statcast,True,False,pitch_count
745710,542881,86,21,2024-08-08,assessment,mlb_statcast,True,False,pitch_count
745710,641482,83,19,2024-08-08,assessment,mlb_statcast,True,False,pitch_count
745711,573186,83,19,2024-08-11,assessment,mlb_statcast,True,True,pitch_count
745716,543037,83,24,2024-07-24,assessment,mlb_statcast,True,False,pitch_count
745716,543037,100,27,2024-07-24,assessment,mlb_statcast,True,False,pitch_count
745716,640455,84,18,2024-07-24,assessment,mlb_statcast,True,True,pitch_count
745716,640455,90,19,2024-07-24,assessment,mlb_statcast,True,False,pitch_count
745716,640455,95,21,2024-07-24,assessment,mlb_statcast,True,False,pitch_count
745716,640455,102,22,2024-07-24,assessment,mlb_statcast,True,False,pitch_count
745718,543037,83,22,2024-08-04,assessment,mlb_statcast,False,False,pitch_count
745719,592332,83,21,2024-08-02,assessment,mlb_statcast,True,False,pitch_count
745720,641482,83,20,2024-07-20,assessment,mlb_statcast,True,True,pitch_count
745721,543037,83,19,2024-07-19,assessment,mlb_statcast,True,False,pitch_count
745722,573186,83,20,2024-07-21,assessment,mlb_statcast,True,False,pitch_count
745722,573186,85,20,2024-07-21,assessment,mlb_statcast,True,False,pitch_count
745722,573186,87,21,2024-07-21,assessment,mlb_statcast,False,False,pitch_count
745724,543037,83,21,2024-07-06,assessment,mlb_statcast,True,True,pitch_count
745725,641482,83,20,2024-07-05,assessment,mlb_statcast,False,False,pitch_count
745726,573186,83,20,2024-07-04,assessment,mlb_statcast,True,False,pitch_count
745726,573186,87,21,2024-07-04,assessment,mlb_statcast,False,False,pitch_count
745726,573186,99,23,2024-07-04,assessment,mlb_statcast,False,False,pitch_count
745767,554430,83,25,2024-09-22,assessment,mlb_statcast,False,False,pitch_count
745768,640455,83,22,2024-09-21,assessment,mlb_statcast,False,False,pitch_count
745769,622663,83,23,2024-09-19,assessment,mlb_statcast,False,False,pitch_count
745770,650911,83,20,2024-09-20,assessment,mlb_statcast,True,True,pitch_count
745773,640455,83,25,2024-09-16,assessment,mlb_statcast,False,False,pitch_count
745774,622663,83,21,2024-09-08,assessment,mlb_statcast,False,False,pitch_count
745777,640455,83,21,2024-09-06,assessment,mlb_statcast,True,True,pitch_count
745778,656849,83,23,2024-09-03,assessment,mlb_statcast,True,False,pitch_count
745779,622663,83,22,2024-09-02,assessment,mlb_statcast,True,False,pitch_count
745780,656849,83,22,2024-08-19,assessment,mlb_statcast,True,True,pitch_count
745781,640455,83,23,2024-08-21,assessment,mlb_statcast,False,False,pitch_count
745784,640455,83,22,2024-08-16,assessment,mlb_statcast,True,False,pitch_count
745785,622663,83,26,2024-08-17,assessment,mlb_statcast,True,True,pitch_count
745787,640455,83,21,2024-07-30,assessment,mlb_statcast,False,False,pitch_count
745790,656849,83,25,2024-08-14,assessment,mlb_statcast,False,False,pitch_count
745794,519242,83,21,2024-07-25,assessment,mlb_statcast,False,False,pitch_count
745794,622663,83,21,2024-07-25,assessment,mlb_statcast,True,True,pitch_count
745795,656849,83,21,2024-07-28,assessment,mlb_statcast,False,False,pitch_count
745796,622663,83,25,2024-07-10,assessment,mlb_statcast,True,True,pitch_count
745799,656849,83,22,2024-07-11,assessment,mlb_statcast,True,False,pitch_count
745800,640455,83,20,2024-07-12,assessment,mlb_statcast,True,True,pitch_count
745800,640455,98,26,2024-07-12,assessment,mlb_statcast,True,False,pitch_count
745862,592332,83,20,2024-08-30,assessment,mlb_statcast,True,True,pitch_count
745866,519242,83,19,2024-08-28,assessment,mlb_statcast,True,False,pitch_count
745869,666142,83,23,2024-08-14,assessment,mlb_statcast,True,False,pitch_count
745874,663903,83,22,2024-08-12,assessment,mlb_statcast,False,False,pitch_count
745877,605400,83,24,2024-07-24,assessment,mlb_statcast,True,False,pitch_count
745878,554430,83,21,2024-07-23,assessment,mlb_statcast,True,False,pitch_count
745882,650644,83,20,2024-07-21,assessment,mlb_statcast,False,False,pitch_count
745930,640455,83,19,2024-09-27,assessment,mlb_statcast,False,False,pitch_count
745932,656849,83,21,2024-09-29,assessment,mlb_statcast,False,False,pitch_count
745933,605400,83,21,2024-09-18,assessment,mlb_statcast,False,False,pitch_count
745935,554430,83,20,2024-09-17,assessment,mlb_statcast,True,False,pitch_count
745936,650644,83,19,2024-09-21,assessment,mlb_statcast,True,False,pitch_count
745939,650644,83,19,2024-09-16,assessment,mlb_statcast,True,True,pitch_count
745940,607536,83,20,2024-09-08,assessment,mlb_statcast,False,False,pitch_count
745944,650644,83,20,2024-09-03,assessment,mlb_statcast,False,False,pitch_count
745944,650644,88,20,2024-09-03,assessment,mlb_statcast,False,False,pitch_count
745945,650644,83,22,2024-08-29,assessment,mlb_statcast,False,False,pitch_count
745946,657277,83,19,2024-08-27,assessment,mlb_statcast,True,True,pitch_count
745949,650644,83,21,2024-08-16,assessment,mlb_statcast,False,False,pitch_count
745950,656427,83,19,2024-08-15,assessment,mlb_statcast,False,False,pitch_count
745957,650644,83,21,2024-08-09,assessment,mlb_statcast,True,True,pitch_count
745957,650644,93,24,2024-08-09,assessment,mlb_statcast,True,False,pitch_count
745960,519242,83,23,2024-07-31,assessment,mlb_statcast,True,False,pitch_count
745966,650644,83,22,2024-07-27,assessment,mlb_statcast,False,False,pitch_count
745967,650644,83,25,2024-07-11,assessment,mlb_statcast,True,True,pitch_count
745969,527048,83,20,2024-07-10,assessment,mlb_statcast,True,True,pitch_count
746011,656427,83,22,2024-09-19,assessment,mlb_statcast,False,False,pitch_count
746016,554430,83,21,2024-09-06,assessment,mlb_statcast,False,False,pitch_count
746017,665795,83,20,2024-09-08,assessment,mlb_statcast,True,True,pitch_count
746018,605400,83,19,2024-09-07,assessment,mlb_statcast,True,True,pitch_count
746025,656302,83,22,2024-08-11,assessment,mlb_statcast,False,False,pitch_count
746029,593958,83,21,2024-08-20,assessment,mlb_statcast,True,False,pitch_count
746029,665795,83,23,2024-08-20,assessment,mlb_statcast,True,False,pitch_count
746030,668881,83,21,2024-08-08,assessment,mlb_statcast,True,False,pitch_count
746032,527048,83,26,2024-08-09,assessment,mlb_statcast,False,False,pitch_count
746032,665795,83,21,2024-08-09,assessment,mlb_statcast,True,False,pitch_count
746034,656849,83,23,2024-07-22,assessment,mlb_statcast,True,False,pitch_count
746035,665795,83,21,2024-07-24,assessment,mlb_statcast,True,True,pitch_count
746037,669203,83,25,2024-07-25,assessment,mlb_statcast,False,False,pitch_count
746040,640455,83,24,2024-07-19,assessment,mlb_statcast,False,False,pitch_count
746041,622663,83,24,2024-07-20,assessment,mlb_statcast,True,False,pitch_count
746088,605397,83,25,2024-09-26,assessment,mlb_statcast,True,False,pitch_count
746093,650633,83,19,2024-09-24,assessment,mlb_statcast,False,False,pitch_count
746094,607536,83,23,2024-09-20,assessment,mlb_statcast,True,False,pitch_count
746095,656302,83,21,2024-09-25,assessment,mlb_statcast,True,False,pitch_count
746095,656427,83,18,2024-09-25,assessment,mlb_statcast,True,True,pitch_count
746098,656427,83,22,2024-09-08,assessment,mlb_statcast,False,False,pitch_count
746101,543294,83,20,2024-09-09,assessment,mlb_statcast,True,True,pitch_count
746103,669203,83,20,2024-08-28,assessment,mlb_statcast,False,False,pitch_count
746105,656427,83,22,2024-08-27,assessment,mlb_statcast,True,False,pitch_count
746110,656427,83,20,2024-08-21,assessment,mlb_statcast,True,True,pitch_count
746113,656427,83,21,2024-08-09,assessment,mlb_statcast,True,True,pitch_count
746113,656427,91,23,2024-08-09,assessment,mlb_statcast,True,False,pitch_count
746116,605400,83,21,2024-08-05,assessment,mlb_statcast,True,False,pitch_count
746117,657277,83,23,2024-07-25,assessment,mlb_statcast,True,False,pitch_count
746120,650911,83,25,2024-08-06,assessment,mlb_statcast,False,False,pitch_count
746127,650644,83,19,2024-07-05,assessment,mlb_statcast,True,False,pitch_count
746177,542881,83,22,2024-09-14,assessment,mlb_statcast,True,True,pitch_count
746181,579328,83,25,2024-09-13,assessment,mlb_statcast,True,False,pitch_count
746182,542881,83,21,2024-08-31,assessment,mlb_statcast,True,False,pitch_count
746187,592332,83,22,2024-08-13,assessment,mlb_statcast,True,False,pitch_count
746188,542881,83,23,2024-08-14,assessment,mlb_statcast,True,True,pitch_count
746188,542881,94,28,2024-08-14,assessment,mlb_statcast,True,False,pitch_count
746190,519242,83,21,2024-08-17,assessment,mlb_statcast,False,False,pitch_count
746193,542881,83,22,2024-08-02,assessment,mlb_statcast,True,False,pitch_count
746198,607536,83,24,2024-07-31,assessment,mlb_statcast,True,True,pitch_count
746203,542881,83,23,2024-07-27,assessment,mlb_statcast,True,False,pitch_count
746207,542881,83,21,2024-07-12,assessment,mlb_statcast,False,False,pitch_count
746255,663903,83,22,2024-09-21,assessment,mlb_statcast,True,True,pitch_count
746257,666142,83,20,2024-09-06,assessment,mlb_statcast,False,False,pitch_count
746259,679525,83,21,2024-09-07,assessment,mlb_statcast,False,False,pitch_count
746261,666142,83,20,2024-09-17,assessment,mlb_statcast,True,True,pitch_count
746264,663903,83,21,2024-09-03,assessment,mlb_statcast,True,False,pitch_count
746266,542881,83,27,2024-08-20,assessment,mlb_statcast,True,True,pitch_count
746266,542881,94,30,2024-08-20,assessment,mlb_statcast,True,False,pitch_count
746266,666142,83,19,2024-08-20,assessment,mlb_statcast,True,True,pitch_count
746271,663903,83,20,2024-08-24,assessment,mlb_statcast,True,True,pitch_count
746272,666142,83,22,2024-08-07,assessment,mlb_statcast,True,False,pitch_count
746274,666142,83,21,2024-07-28,assessment,mlb_statcast,True,True,pitch_count
746276,663903,83,22,2024-08-05,assessment,mlb_statcast,True,False,pitch_count
746277,543294,83,22,2024-07-26,assessment,mlb_statcast,True,False,pitch_count
746277,663903,83,20,2024-07-26,assessment,mlb_statcast,True,False,pitch_count
746279,669194,83,24,2024-07-24,assessment,mlb_statcast,False,False,pitch_count
746280,666142,83,22,2024-07-22,assessment,mlb_statcast,True,False,pitch_count
746281,679525,83,21,2024-07-23,assessment,mlb_statcast,True,False,pitch_count
746282,663903,83,19,2024-07-02,assessment,mlb_statcast,False,False,pitch_count
746282,663903,87,20,2024-07-02,assessment,mlb_statcast,False,False,pitch_count
746286,663903,83,24,2024-07-20,assessment,mlb_statcast,True,True,pitch_count
746331,579328,83,19,2024-09-25,assessment,mlb_statcast,True,False,pitch_count
746341,579328,83,19,2024-09-19,assessment,mlb_statcast,True,False,pitch_count
746344,579328,83,22,2024-09-07,assessment,mlb_statcast,True,True,pitch_count
746344,593958,83,22,2024-09-07,assessment,mlb_statcast,True,False,pitch_count
746345,669194,83,22,2024-09-08,assessment,mlb_statcast,False,False,pitch_count
746348,579328,83,20,2024-08-31,assessment,mlb_statcast,True,True,pitch_count
746348,666142,83,20,2024-08-31,assessment,mlb_statcast,True,False,pitch_count
746351,579328,83,22,2024-08-19,assessment,mlb_statcast,True,True,pitch_count
746352,663903,83,21,2024-08-29,assessment,mlb_statcast,True,True,pitch_count
746354,579328,83,20,2024-08-02,assessment,mlb_statcast,False,False,pitch_count
746422,669203,83,19,2024-09-14,assessment,mlb_statcast,False,False,pitch_count
746438,543037,83,20,2024-08-16,assessment,mlb_statcast,True,True,pitch_count
746443,666142,83,20,2024-08-02,assessment,mlb_statcast,False,False,pitch_count
746452,656427,83,22,2024-07-11,assessment,mlb_statcast,False,False,pitch_count
746453,681857,83,21,2024-07-10,assessment,mlb_statcast,False,False,pitch_count
746495,607536,83,22,2024-09-26,assessment,mlb_statcast,True,False,pitch_count
746500,593958,83,22,2024-09-18,assessment,mlb_statcast,False,False,pitch_count
746506,543294,83,23,2024-09-15,assessment,mlb_statcast,False,False,pitch_count
746508,607536,83,27,2024-09-14,assessment,mlb_statcast,True,False,pitch_count
746512,607536,83,23,2024-08-28,assessment,mlb_statcast,False,False,pitch_count
746513,665795,83,20,2024-08-26,assessment,mlb_statcast,True,True,pitch_count
746515,607536,83,22,2024-08-17,assessment,mlb_statcast,False,False,pitch_count
746515,656302,83,20,2024-08-17,assessment,mlb_statcast,True,True,pitch_count
746519,622663,83,23,2024-08-06,assessment,mlb_statcast,False,False,pitch_count
746522,656849,83,22,2024-08-08,assessment,mlb_statcast,True,False,pitch_count
746527,607536,83,21,2024-07-20,assessment,mlb_statcast,False,False,pitch_count
746527,657277,83,23,2024-07-20,assessment,mlb_statcast,True,False,pitch_count
746527,657277,94,27,2024-07-20,assessment,mlb_statcast,False,False,pitch_count
746530,663903,83,26,2024-07-07,assessment,mlb_statcast,True,False,pitch_count
746533,607536,83,26,2024-07-05,assessment,mlb_statcast,True,False,pitch_count
746533,666142,83,24,2024-07-05,assessment,mlb_statcast,True,False,pitch_count
746578,594902,83,21,2024-09-28,assessment,mlb_statcast,False,False,pitch_count
746593,594902,83,21,2024-08-30,assessment,mlb_statcast,True,True,pitch_count
746593,594902,85,22,2024-08-30,assessment,mlb_statcast,True,False,pitch_count
746593,594902,94,24,2024-08-30,assessment,mlb_statcast,True,False,pitch_count
746596,679525,83,20,2024-08-26,assessment,mlb_statcast,False,False,pitch_count
746599,594902,83,22,2024-08-24,assessment,mlb_statcast,True,False,pitch_count
746600,671106,83,21,2024-08-05,assessment,mlb_statcast,False,False,pitch_count
746604,594902,83,20,2024-08-07,assessment,mlb_statcast,True,False,pitch_count
746606,669203,83,21,2024-08-04,assessment,mlb_statcast,True,True,pitch_count
746607,594902,83,19,2024-08-01,assessment,mlb_statcast,False,False,pitch_count
746611,656427,83,19,2024-07-24,assessment,mlb_statcast,False,False,pitch_count
746611,656427,93,23,2024-07-24,assessment,mlb_statcast,False,False,pitch_count
746611,656427,95,23,2024-07-24,assessment,mlb_statcast,False,False,pitch_count
746613,656302,83,20,2024-07-20,assessment,mlb_statcast,False,False,pitch_count
746615,671106,83,19,2024-07-06,assessment,mlb_statcast,True,True,pitch_count
746619,594902,83,23,2024-07-04,assessment,mlb_statcast,True,True,pitch_count
746628,666142,83,18,2024-08-26,assessment,mlb_statcast,True,True,pitch_count
746663,519242,83,20,2024-09-19,assessment,mlb_statcast,False,False,pitch_count
746673,668881,83,20,2024-08-13,assessment,mlb_statcast,True,True,pitch_count
746676,663903,83,20,2024-08-18,assessment,mlb_statcast,False,False,pitch_count
746677,502043,83,20,2024-08-14,assessment,mlb_statcast,True,True,pitch_count
746681,668881,83,17,2024-08-03,assessment,mlb_statcast,True,False,pitch_count
746688,668881,83,18,2024-07-11,assessment,mlb_statcast,False,False,pitch_count
746688,668881,92,21,2024-07-11,assessment,mlb_statcast,False,False,pitch_count
746689,607536,83,25,2024-07-10,assessment,mlb_statcast,True,True,pitch_count
746693,681857,83,20,2024-07-05,assessment,mlb_statcast,True,False,pitch_count
746694,668881,83,19,2024-07-06,assessment,mlb_statcast,True,False,pitch_count
746738,542881,83,22,2024-09-26,assessment,mlb_statcast,True,False,pitch_count
746750,640455,83,23,2024-09-01,assessment,mlb_statcast,True,False,pitch_count
746757,641482,83,18,2024-08-13,assessment,mlb_statcast,True,False,pitch_count
746757,641482,101,24,2024-08-13,assessment,mlb_statcast,True,False,pitch_count
746764,663903,83,25,2024-07-31,assessment,mlb_statcast,False,False,pitch_count
746826,543294,83,22,2024-09-21,assessment,mlb_statcast,True,False,pitch_count
746827,543037,83,20,2024-09-08,assessment,mlb_statcast,True,False,pitch_count
746834,543294,83,19,2024-09-03,assessment,mlb_statcast,False,False,pitch_count
746846,502043,83,24,2024-08-03,assessment,mlb_statcast,False,False,pitch_count
746847,543294,83,20,2024-08-05,assessment,mlb_statcast,False,False,pitch_count
746852,543294,83,22,2024-07-20,assessment,mlb_statcast,False,False,pitch_count
746854,669194,83,20,2024-07-19,assessment,mlb_statcast,False,False,pitch_count
746856,542881,83,23,2024-07-06,assessment,mlb_statcast,True,False,pitch_count
746858,554430,83,22,2024-07-03,assessment,mlb_statcast,True,False,pitch_count
746920,669194,83,22,2024-08-23,assessment,mlb_statcast,True,True,pitch_count
746936,666142,83,21,2024-07-12,assessment,mlb_statcast,True,False,pitch_count
746984,669203,83,25,2024-09-20,assessment,mlb_statcast,False,False,pitch_count
746984,669203,87,26,2024-09-20,assessment,mlb_statcast,False,False,pitch_count
746985,657277,83,17,2024-09-19,assessment,mlb_statcast,False,False,pitch_count
746985,657277,88,19,2024-09-19,assessment,mlb_statcast,False,False,pitch_count
746985,657277,90,20,2024-09-19,assessment,mlb_statcast,False,False,pitch_count
746985,657277,92,20,2024-09-19,assessment,mlb_statcast,False,False,pitch_count
746985,657277,95,21,2024-09-19,assessment,mlb_statcast,False,False,pitch_count
746989,669203,83,23,2024-09-08,assessment,mlb_statcast,True,False,pitch_count
746992,669203,83,19,2024-09-02,assessment,mlb_statcast,False,False,pitch_count
746992,669203,87,20,2024-09-02,assessment,mlb_statcast,False,False,pitch_count
746994,579328,83,18,2024-08-25,assessment,mlb_statcast,True,False,pitch_count
746998,669203,83,24,2024-08-22,assessment,mlb_statcast,True,True,pitch_count
747001,669203,83,22,2024-08-16,assessment,mlb_statcast,True,True,pitch_count
747005,669203,83,25,2024-07-30,assessment,mlb_statcast,True,False,pitch_count
747006,650633,83,20,2024-07-27,assessment,mlb_statcast,True,False,pitch_count
747012,543037,83,19,2024-07-12,assessment,mlb_statcast,True,True,pitch_count
747015,669203,83,23,2024-07-10,assessment,mlb_statcast,False,False,pitch_count
747065,663903,83,22,2024-09-27,assessment,mlb_statcast,True,False,pitch_count
747068,622663,83,19,2024-09-24,assessment,mlb_statcast,True,False,pitch_count
747070,519242,83,19,2024-09-14,assessment,mlb_statcast,False,False,pitch_count
747070,656427,83,18,2024-09-14,assessment,mlb_statcast,True,False,pitch_count
747072,519242,83,19,2024-09-08,assessment,mlb_statcast,True,False,pitch_count
747074,592332,83,20,2024-09-06,assessment,mlb_statcast,True,False,pitch_count
747079,519242,83,23,2024-09-03,assessment,mlb_statcast,True,False,pitch_count
747080,519242,83,25,2024-08-23,assessment,mlb_statcast,True,True,pitch_count
747082,650911,83,22,2024-08-22,assessment,mlb_statcast,True,True,pitch_count
747083,554430,83,22,2024-08-20,assessment,mlb_statcast,True,False,pitch_count
747084,605400,83,22,2024-08-21,assessment,mlb_statcast,True,False,pitch_count
747085,519242,83,22,2024-08-07,assessment,mlb_statcast,False,False,pitch_count
747088,665795,83,17,2024-08-04,assessment,mlb_statcast,True,False,pitch_count
747093,502043,83,20,2024-07-20,assessment,mlb_statcast,True,False,pitch_count
747095,668881,83,21,2024-07-22,assessment,mlb_statcast,True,False,pitch_count
747097,605400,83,20,2024-07-05,assessment,mlb_statcast,True,False,pitch_count
747100,519242,83,20,2024-07-03,assessment,mlb_statcast,True,False,pitch_count
747103,657277,83,21,2024-07-04,assessment,mlb_statcast,True,True,pitch_count
747103,657277,85,21,2024-07-04,assessment,mlb_statcast,True,False,pitch_count
747149,657277,83,19,2024-09-24,assessment,mlb_statcast,False,False,pitch_count
747150,593958,83,19,2024-09-23,assessment,mlb_statcast,True,True,pitch_count
747153,593958,83,19,2024-09-13,assessment,mlb_statcast,False,False,pitch_count
747153,593958,92,22,2024-09-13,assessment,mlb_statcast,False,False,pitch_count
747155,593958,83,19,2024-09-02,assessment,mlb_statcast,False,False,pitch_count
747155,656427,83,20,2024-09-02,assessment,mlb_statcast,True,True,pitch_count
747159,656849,83,26,2024-08-29,assessment,mlb_statcast,False,False,pitch_count
747159,669194,83,22,2024-08-29,assessment,mlb_statcast,True,False,pitch_count
747160,593958,83,22,2024-08-13,assessment,mlb_statcast,False,False,pitch_count
747161,593958,83,20,2024-08-28,assessment,mlb_statcast,True,False,pitch_count
747161,622663,83,19,2024-08-28,assessment,mlb_statcast,True,False,pitch_count
747162,640455,83,20,2024-08-27,assessment,mlb_statcast,True,True,pitch_count
747164,605400,83,24,2024-08-10,assessment,mlb_statcast,True,False,pitch_count
747166,650911,83,24,2024-08-11,assessment,mlb_statcast,True,False,pitch_count
747167,669194,83,19,2024-07-30,assessment,mlb_statcast,True,False,pitch_count
747168,554430,83,21,2024-08-09,assessment,mlb_statcast,True,False,pitch_count
747168,669194,83,23,2024-08-09,assessment,mlb_statcast,False,False,pitch_count
747175,669194,83,25,2024-07-12,assessment,mlb_statcast,True,False,pitch_count
747176,579328,83,23,2024-07-14,assessment,mlb_statcast,True,False,pitch_count
747180,519242,83,20,2024-07-09,assessment,mlb_statcast,True,False,pitch_count
