model_key,model,selection_budget,threshold,threshold_status,selection_episode_recall,selection_warning_precision,selection_false_warnings_per_outing,evaluated_outings_count,evaluated_pitches_count,total_qualified_outings,outings_with_available_score,outings_without_available_score,evaluation_opportunity_pitches,score_available_evaluation_pitches,pitch_level_scoring_coverage,outing_level_scoring_coverage,total_collapse_episodes,evaluated_episodes_count,collapse_episodes_detected,episode_recall,warning_precision,master_warning_count,censored_warnings,total_warnings,false_warnings,false_warnings_per_outing,clean_outing_false_alarm_rate,lead_time_mean_pitches,lead_time_median_pitches,lead_time_mean_pas,lead_time_median_pas,headline_denominators
context,Context only,0.1,0.5452338697723064,selected,0.0,0.0,0.00196078431372549,446,27900,446,446,0,28310,27900,0.9855174849876369,1.0,973,973,0,0.0,,1,1,0,0,0.0,0.0,,,,,"{'episode_recall': 973, 'warning_precision': 0, 'false_warnings_per_outing': 446, 'clean_outing_false_alarm_rate': 21, 'pitch_level_scoring_coverage': 28310, 'outing_level_scoring_coverage': 446}"
context,Context only,0.25,0.5262806215244284,selected,0.05004240882103478,0.3619631901840491,0.20392156862745098,446,27900,446,446,0,28310,27900,0.9855174849876369,1.0,973,973,38,0.03905447070914697,0.296875,150,22,128,90,0.20179372197309417,0.09523809523809523,7.7631578947368425,7.0,2.3157894736842106,2.0,"{'episode_recall': 973, 'warning_precision': 128, 'false_warnings_per_outing': 446, 'clean_outing_false_alarm_rate': 21, 'pitch_level_scoring_coverage': 28310, 'outing_level_scoring_coverage': 446}"
context,Context only,0.5,0.5221924392215296,selected,0.10517387616624257,0.34349030470914127,0.4647058823529412,446,27900,446,446,0,28310,27900,0.9855174849876369,1.0,973,973,99,0.10174717368961973,0.33,331,31,300,201,0.45067264573991034,0.23809523809523808,8.303030303030303,8.0,2.3333333333333335,2.0,"{'episode_recall': 973, 'warning_precision': 300, 'false_warnings_per_outing': 446, 'clean_outing_false_alarm_rate': 21, 'pitch_level_scoring_coverage': 28310, 'outing_level_scoring_coverage': 446}"
proposed,Context plus mechanics,0.1,0.5577683113872184,selected,0.0,0.0,0.00196078431372549,446,27900,446,446,0,28310,27900,0.9855174849876369,1.0,973,973,1,0.0010277492291880781,1.0,2,1,1,0,0.0,0.0,9.0,9.0,3.0,3.0,"{'episode_recall': 973, 'warning_precision': 1, 'false_warnings_per_outing': 446, 'clean_outing_false_alarm_rate': 21, 'pitch_level_scoring_coverage': 28310, 'outing_level_scoring_coverage': 446}"
proposed,Context plus mechanics,0.25,0.5577683113872184,selected,0.0,0.0,0.00196078431372549,446,27900,446,446,0,28310,27900,0.9855174849876369,1.0,973,973,1,0.0010277492291880781,1.0,2,1,1,0,0.0,0.0,9.0,9.0,3.0,3.0,"{'episode_recall': 973, 'warning_precision': 1, 'false_warnings_per_outing': 446, 'clean_outing_false_alarm_rate': 21, 'pitch_level_scoring_coverage': 28310, 'outing_level_scoring_coverage': 446}"
proposed,Context plus mechanics,0.5,0.5345033865581318,selected,0.05343511450381679,0.27631578947368424,0.3235294117647059,446,27900,446,446,0,28310,27900,0.9855174849876369,1.0,973,973,51,0.052415210688591986,0.2361111111111111,247,31,216,165,0.36995515695067266,0.14285714285714285,8.588235294117647,8.0,2.588235294117647,3.0,"{'episode_recall': 973, 'warning_precision': 216, 'false_warnings_per_outing': 446, 'clean_outing_false_alarm_rate': 21, 'pitch_level_scoring_coverage': 28310, 'outing_level_scoring_coverage': 446}"
pitch_count,Pitch count,0.1,114.0,selected,0.0,0.0,0.00196078431372549,446,27900,446,446,0,28310,27900,0.9855174849876369,1.0,973,973,0,0.0,,2,2,0,0,0.0,0.0,,,,,"{'episode_recall': 973, 'warning_precision': 0, 'false_warnings_per_outing': 446, 'clean_outing_false_alarm_rate': 21, 'pitch_level_scoring_coverage': 28310, 'outing_level_scoring_coverage': 446}"
pitch_count,Pitch count,0.25,90.0,selected,0.04410517387616624,0.3076923076923077,0.22941176470588234,446,27900,446,446,0,28310,27900,0.9855174849876369,1.0,973,973,38,0.03905447070914697,0.26573426573426573,326,183,143,105,0.23542600896860988,0.047619047619047616,6.078947368421052,6.0,1.9736842105263157,2.0,"{'episode_recall': 973, 'warning_precision': 143, 'false_warnings_per_outing': 446, 'clean_outing_false_alarm_rate': 21, 'pitch_level_scoring_coverage': 28310, 'outing_level_scoring_coverage': 446}"
pitch_count,Pitch count,0.5,83.0,selected,0.08821034775233248,0.30144927536231886,0.4725490196078431,446,27900,446,446,0,28310,27900,0.9855174849876369,1.0,973,973,88,0.09044193216855087,0.3283582089552239,423,155,268,180,0.40358744394618834,0.5238095238095238,6.318181818181818,5.5,2.0568181818181817,2.0,"{'episode_recall': 973, 'warning_precision': 268, 'false_warnings_per_outing': 446, 'clean_outing_false_alarm_rate': 21, 'pitch_level_scoring_coverage': 28310, 'outing_level_scoring_coverage': 446}"
