pitcher,pitcher_name,pretest_mlb_starts,selection_rank_hash,selected,selection_reason,selection_cutoff,selection_seed,selection_source
434378,Justin Verlander,44,66ed59cb39586b794295d32065b36ad815033345a4d5c8f7e9f854cd8d1c07b3,False,NOT_SAMPLED,2024-12-31,20250917,MLB Stats API regular-season pitching totals
450203,Charlie Morton,60,c9485be01917121863a6789f68823c3259929efbd2a4bde5e831186d740b055f,False,NOT_SAMPLED,2024-12-31,20250917,MLB Stats API regular-season pitching totals
453286,Max Scherzer,36,8e9b68bdc834ebc57006a06a4d38566721f220b5351ff8571376abc6c819e645,False,NOT_SAMPLED,2024-12-31,20250917,MLB Stats API regular-season pitching totals
458681,Lance Lynn,55,c0cb04aa800dd7f112483afa49191d1140e3fec2ecfee2d2b81c31d8a3eeed57,False,NOT_SAMPLED,2024-12-31,20250917,MLB Stats API regular-season pitching totals
471911,Carlos Carrasco,41,5246c5e7b74bda353abbff0b3306eb7185be46b20d59efbaae71d988f44fec7e,False,NOT_SAMPLED,2024-12-31,20250917,MLB Stats API regular-season pitching totals
477132,Clayton Kershaw,31,724fca1e7416cd9b3f6ee422058abb91fe6de8854147e4f59960ffe7e7ff95ae,False,NOT_SAMPLED,2024-12-31,20250917,MLB Stats API regular-season pitching totals
500779,Jose Quintana,44,c3472fc9c290d847d9bc3b2cd31be6acdc7ca5f018bd5bb2c42358a7336e0e0f,False,NOT_SAMPLED,2024-12-31,20250917,MLB Stats API regular-season pitching totals
502043,Kyle Gibson,63,2e75a738653e28ab9717efe920a7886c433e8f582a22ee1656beac8347bf6773,True,SEEDED_PRETEST_SAMPLE,2024-12-31,20250917,MLB Stats API regular-season pitching totals
502171,Alex Cobb,31,da0be3c57789418d0264d3f168e53d3f1d5c75185b2e463e230663f25129db1a,False,NOT_SAMPLED,2024-12-31,20250917,MLB Stats API regular-season pitching totals
506433,Yu Darvish,40,7049bdcaf9c06354f519afe47ed8bfe352a5f81cd554303b139479f376a3efe0,False,NOT_SAMPLED,2024-12-31,20250917,MLB Stats API regular-season pitching totals
518876,Merrill Kelly,43,a882b262da78e3d54862d53b17b1254efc08e7ea0b20043e7347ab0087bb925a,False,NOT_SAMPLED,2024-12-31,20250917,MLB Stats API regular-season pitching totals
519242,Chris Sale,49,57ebd46696faaa55118ccb0cb004e847b289c046626eb24c1b7e9753da67854b,True,RETAINED_ORIGINAL_COHORT,2024-12-31,20250917,MLB Stats API regular-season pitching totals
527048,Martín Pérez,46,2d23c2a855ad810d2f5528407583321d171beaafb25dfe9366613dca3905ffe0,True,SEEDED_PRETEST_SAMPLE,2024-12-31,20250917,MLB Stats API regular-season pitching totals
542881,Tyler Anderson,56,0ecc1064d6fe258c89be82e8598ec77fb5a5f456063e0f1bc6a2d0d3530bd5c9,True,SEEDED_PRETEST_SAMPLE,2024-12-31,20250917,MLB Stats API regular-season pitching totals
543037,Gerrit Cole,50,0a9085042379d64a2d852591adbdbfe2ae213c2f23aa5da7759edb1bab48d86a,True,SEEDED_PRETEST_SAMPLE,2024-12-31,20250917,MLB Stats API regular-season pitching totals
543135,Nathan Eovaldi,54,754bf05f482fa40d9fefb9fb5ae24e24f4405fb3fd6dcc6b0ca6e728f83fbe5d,False,NOT_SAMPLED,2024-12-31,20250917,MLB Stats API regular-season pitching totals
543243,Sonny Gray,60,edcdba25cd495742b9179b5b167f0d9960db795090e556ab81bc232c4dd9d407,False,NOT_SAMPLED,2024-12-31,20250917,MLB Stats API regular-season pitching totals
543294,Kyle Hendricks,48,3a962a0b2006c292ecbedce2e68dc8c6d53b870f3abd64c0217d56b31c0d6df1,True,SEEDED_PRETEST_SAMPLE,2024-12-31,20250917,MLB Stats API regular-season pitching totals
543475,Jordan Lyles,31,4740f0a6f001499537940a678fb67dd561e426379c262b2ae940fcd36d2cabe5,False,NOT_SAMPLED,2024-12-31,20250917,MLB Stats API regular-season pitching totals
547179,Michael Lorenzen,49,8ef2a465ea579ece8b8e34ecc87c61c65a049c0f353fc68aa0ee842c82510eb9,False,NOT_SAMPLED,2024-12-31,20250917,MLB Stats API regular-season pitching totals
554430,Zack Wheeler,64,a3dfeb5adbf366c38095feeda144fd9361b4884fd8cc92f5e78b35d0ea12612c,True,RETAINED_ORIGINAL_COHORT,2024-12-31,20250917,MLB Stats API regular-season pitching totals
571578,Patrick Corbin,64,80a60c3a707765880f4d33c3928664fe967bc66c04eecd200d8d827c1ea7f243,False,NOT_SAMPLED,2024-12-31,20250917,MLB Stats API regular-season pitching totals
571760,Andrew Heaney,59,a967a16ad838075b3c6ba8a34a6650190c6c1caa027ba01847d6eff135fbf95c,False,NOT_SAMPLED,2024-12-31,20250917,MLB Stats API regular-season pitching totals
571945,Miles Mikolas,67,50661e796887e260ca8fab493e08f55c3b43a2f63d369ec46150d7ba2091b6dc,False,NOT_SAMPLED,2024-12-31,20250917,MLB Stats API regular-season pitching totals
572020,James Paxton,40,ad0fd42f0ab6f9861599c285fb87d46bf55b100dac2a6e559196a57b0919624a,False,NOT_SAMPLED,2024-12-31,20250917,MLB Stats API regular-season pitching totals
573186,Marcus Stroman,54,3025512e1f40b184d8e55a4ad4be8e3a70ad68a2063a2790a82f2fead4699a93,True,SEEDED_PRETEST_SAMPLE,2024-12-31,20250917,MLB Stats API regular-season pitching totals
579328,Yusei Kikuchi,64,13c40c3402b414a6c8b3c452df297d61150aa2c6d107844104aa9dd85c450de2,True,SEEDED_PRETEST_SAMPLE,2024-12-31,20250917,MLB Stats API regular-season pitching totals
592332,Kevin Gausman,62,cab02dcd973c7eb0006fd114da7d5eca8a4a45fbeb3ea787bb4b46bb869bcee6,True,RETAINED_ORIGINAL_COHORT,2024-12-31,20250917,MLB Stats API regular-season pitching totals
592351,Jon Gray,48,b377370e37f9bdce630dbcf7d624cb32d1c4c260e202329443f200e645b45558,False,NOT_SAMPLED,2024-12-31,20250917,MLB Stats API regular-season pitching totals
592791,Jameson Taillon,57,42b72a9db466f6632579c09580287f420b9252ad300ae99809a267b22129c91c,False,NOT_SAMPLED,2024-12-31,20250917,MLB Stats API regular-season pitching totals
592836,Taijuan Walker,46,8bcd565d15b2df376b69d17bd0be4fa40126df3e0f7ca5b5025243cbf684972d,False,NOT_SAMPLED,2024-12-31,20250917,MLB Stats API regular-season pitching totals
592866,Trevor Williams,43,7e98337bd37fa82abc3abf577e9f9f41260a3ff757739f17c88e9cce25596d4d,False,NOT_SAMPLED,2024-12-31,20250917,MLB Stats API regular-season pitching totals
593423,Frankie Montas,30,b2de8a13831ff4d3aa14562ca56455c37cb2bf7061df2e1ed0c09836b0b47604,False,NOT_SAMPLED,2024-12-31,20250917,MLB Stats API regular-season pitching totals
593958,Eduardo Rodriguez,36,0633c8c42ae4e569e9008acd790b32658b0f8e5e44fe1036414078d39ec6a493,True,SEEDED_PRETEST_SAMPLE,2024-12-31,20250917,MLB Stats API regular-season pitching totals
594902,Ben Lively,41,1394b7d1c81486a597653d4296e37797050d9051e60d3f109843e4a665c34781,True,SEEDED_PRETEST_SAMPLE,2024-12-31,20250917,MLB Stats API regular-season pitching totals
596295,Austin Gomber,57,9384b7dc99c38dcb19b00ee3acc889105296c131383e47c803106e92e795794f,False,NOT_SAMPLED,2024-12-31,20250917,MLB Stats API regular-season pitching totals
601713,Nick Pivetta,42,c564c37b0c11a2d7ff0fd3fb1a2dc3c7cdb21400e72b7f727f36e7161f2f496a,False,NOT_SAMPLED,2024-12-31,20250917,MLB Stats API regular-season pitching totals
605135,Chris Bassitt,64,dadf26cc34c82ea5fd9f588a3f80373c12c30b38a23a562aac62ccdca18127f9,False,NOT_SAMPLED,2024-12-31,20250917,MLB Stats API regular-season pitching totals
605397,Joe Musgrove,36,21267be9b6f0ee5b1fc1d91f1d79c72b6e509d5c93f7bc6f40585211a6692566,True,SEEDED_PRETEST_SAMPLE,2024-12-31,20250917,MLB Stats API regular-season pitching totals
605400,Aaron Nola,65,9c97c2e564703f37d889685f46e57eb706096e95d0e758507edf09e90750fb19,True,RETAINED_ORIGINAL_COHORT,2024-12-31,20250917,MLB Stats API regular-season pitching totals
605483,Blake Snell,52,63cf178574bc212e5ce955642d0132964fdc21c10fb39492ad5bbbbed6b5ea2d,False,NOT_SAMPLED,2024-12-31,20250917,MLB Stats API regular-season pitching totals
607067,Colin Rea,49,c9fe22a4cfc4a56cbc8ee93c55f3cc52230e2e1521603585de6c1bdb56617ed7,False,NOT_SAMPLED,2024-12-31,20250917,MLB Stats API regular-season pitching totals
607074,Carlos Rodón,46,fc44382692b468e74a3543ec07da10999a805d6b29684079d89bca06010fe3cf,False,NOT_SAMPLED,2024-12-31,20250917,MLB Stats API regular-season pitching totals
607192,Tyler Glasnow,43,9e4c5bb7132d56cc367255ba2cba04d5170ccfaad4bec8a4761b36a68d58cbad,False,NOT_SAMPLED,2024-12-31,20250917,MLB Stats API regular-season pitching totals
607200,Erick Fedde,31,97e9585654dd0836c6a1d6f7a74000fb0201a208b6123c4ba93d075aa8d0e9e3,False,NOT_SAMPLED,2024-12-31,20250917,MLB Stats API regular-season pitching totals
607536,Kyle Freeland,50,1f650f461a0c1919af31dc491aa149632bd31429da0c0742ffbc8b69b0d41734,True,SEEDED_PRETEST_SAMPLE,2024-12-31,20250917,MLB Stats API regular-season pitching totals
607625,Seth Lugo,59,46c22613bb04076173335f641f260ccaa77f8c5441a422c35e706edae6f7ffdc,False,NOT_SAMPLED,2024-12-31,20250917,MLB Stats API regular-season pitching totals
608331,Max Fried,43,4a8ca4d9ffd9401cca8e82bd62fb8d9a5d075d81766a241c2d0a07841d08073f,False,NOT_SAMPLED,2024-12-31,20250917,MLB Stats API regular-season pitching totals
608337,Lucas Giolito,33,778c13fcaf21b8cf6b20366172cb460f404005ba29d3e1fe1d57b1f14c455aa6,False,NOT_SAMPLED,2024-12-31,20250917,MLB Stats API regular-season pitching totals
608379,Michael Wacha,53,bdccbf2a3c8650534cd5de4e932b7946f26393c5cbf70b1d8b43ca0c384c166a,False,NOT_SAMPLED,2024-12-31,20250917,MLB Stats API regular-season pitching totals
615698,Cal Quantrill,48,a4b0d14356f2668af698306323d9c48b10b41f0135c9a417e03d7013a51dbc80,False,NOT_SAMPLED,2024-12-31,20250917,MLB Stats API regular-season pitching totals
621107,Zach Eflin,59,43df21dc49161ba058da6fe0df97bf9a6be84453948840498be1b12d289598e9,False,NOT_SAMPLED,2024-12-31,20250917,MLB Stats API regular-season pitching totals
621112,Paul Blackburn,34,bcf1ab4dc937356af2d77b6d6346d59e3415a9ffa5d1117b300b72c65ea64aad,False,NOT_SAMPLED,2024-12-31,20250917,MLB Stats API regular-season pitching totals
621244,José Berríos,64,e9fe14d10934c8bf6dc917cc53fc249c8319c79b8f94dd9a22a7985b7d08425c,False,NOT_SAMPLED,2024-12-31,20250917,MLB Stats API regular-season pitching totals
622491,Luis Castillo,63,ea8a9d60eadac8f199bd897006e8fd83694630b6e7258967e04245731e2f165e,False,NOT_SAMPLED,2024-12-31,20250917,MLB Stats API regular-season pitching totals
622663,Luis Severino,49,40b93356eb97306f2c24eb7e0dcbd1c446094c1adab964b8b6b412e24afbda0a,True,SEEDED_PRETEST_SAMPLE,2024-12-31,20250917,MLB Stats API regular-season pitching totals
623167,Chris Flexen,46,50923101b82a62d99bc33abe33e70d5e509d0519d25f3abe83f1941f0ea0e2b6,False,NOT_SAMPLED,2024-12-31,20250917,MLB Stats API regular-season pitching totals
624133,Ranger Suarez,49,8491fa4cdd9a8fccdf924900a409c311c0ecba7c8eaf02bb8090e00cfeeba710,False,NOT_SAMPLED,2024-12-31,20250917,MLB Stats API regular-season pitching totals
628317,Kenta Maeda,37,bb2b5af79df73cbb152245cb4dcfdb10d87c2a0ef884de0678252d8b2e740296,False,NOT_SAMPLED,2024-12-31,20250917,MLB Stats API regular-season pitching totals
640455,Sean Manaea,42,300284e020bc2f17349ef82b8e61c2de6bb803d695a5d96f3763a446ec38ca85,True,SEEDED_PRETEST_SAMPLE,2024-12-31,20250917,MLB Stats API regular-season pitching totals
641154,Pablo López,64,511b7e07d194e2d4cf11fa64cc115cc9d00c5549733e6033e6dd91ca7bbbe693,False,NOT_SAMPLED,2024-12-31,20250917,MLB Stats API regular-season pitching totals
641482,Nestor Cortes,42,3d1939a320ca5850ca9fd652e0d047dec94e121446b89593cc3470a42b09a8ce,True,SEEDED_PRETEST_SAMPLE,2024-12-31,20250917,MLB Stats API regular-season pitching totals
641540,Dane Dunning,41,12670bb36114c4654f8d19785ec3612e54208dea5889c09db25fa22747f4495c,True,SEEDED_PRETEST_SAMPLE,2024-12-31,20250917,MLB Stats API regular-season pitching totals
641712,Dakota Hudson,30,88351ed345fc634b50afb457c299b85c012c44afac72861d2cfbb3629eed26e1,False,NOT_SAMPLED,2024-12-31,20250917,MLB Stats API regular-season pitching totals
641793,Zack Littell,43,7e2dcb7bd1725e340f67ab4c199bce99735507b8506c143bcc33c4108e46358a,False,NOT_SAMPLED,2024-12-31,20250917,MLB Stats API regular-season pitching totals
641927,Bailey Ober,57,87c33c26ba1cfdb3fd7956ac5b873a63f2fe50fe4e7be871d7d1db17b091b825,False,NOT_SAMPLED,2024-12-31,20250917,MLB Stats API regular-season pitching totals
642547,Freddy Peralta,62,e5732b7baa1729a672519235a2ca3d96026d682d9abb487c7e46b26f49c81dce,False,NOT_SAMPLED,2024-12-31,20250917,MLB Stats API regular-season pitching totals
650633,Michael King,39,3892a1ab0a8c13fe8c7a181ab1df0720abb0cc152c38b8b767410eaa801b5cca,True,SEEDED_PRETEST_SAMPLE,2024-12-31,20250917,MLB Stats API regular-season pitching totals
650644,Aaron Civale,54,36f36c1c1c7bdedd4bcb8c7f18391fabe924c83ecadbf8f326f224ff4c3ab47c,True,SEEDED_PRETEST_SAMPLE,2024-12-31,20250917,MLB Stats API regular-season pitching totals
650911,Cristopher Sánchez,49,0bb835b7bda4e179654fa8fbcdc4a1fc5ba7eabab5704339f79cbbc14ec67e7b,True,SEEDED_PRETEST_SAMPLE,2024-12-31,20250917,MLB Stats API regular-season pitching totals
656288,Griffin Canning,53,5b6862fa0848e1aaeda1da8b136ad5bb00fecff320382146deffe64c09e372c3,False,NOT_SAMPLED,2024-12-31,20250917,MLB Stats API regular-season pitching totals
656302,Dylan Cease,66,18614c40a8badfcbf5c8ac302b6016ee6a0e88697d0b558af21c05096913c44b,True,SEEDED_PRETEST_SAMPLE,2024-12-31,20250917,MLB Stats API regular-season pitching totals
656427,Jack Flaherty,55,1e8ffa7c31656a51ebd1a463fc64efed47e7309109cec42711dc997c9d44d166,True,SEEDED_PRETEST_SAMPLE,2024-12-31,20250917,MLB Stats API regular-season pitching totals
656557,Tanner Houck,51,ecaf7bd7829d7cc3a6ebcb0073442379143b34d977ed49c9e5bf22af491cc01b,False,NOT_SAMPLED,2024-12-31,20250917,MLB Stats API regular-season pitching totals
656605,Mitch Keller,63,6be879521b9809f0fd802637a524dfa83ca00b31d0f8da84653144a0dea9936c,False,NOT_SAMPLED,2024-12-31,20250917,MLB Stats API regular-season pitching totals
656731,Tylor Megill,40,80a6e3e81d7f4520dba4b15867fd4a3cd1b57a3d472852135910448f9367a233,False,NOT_SAMPLED,2024-12-31,20250917,MLB Stats API regular-season pitching totals
656756,Jordan Montgomery,53,abebfa918ce672c9adaef983c52a33f714448c5390945dc29d47c592ab729898,False,NOT_SAMPLED,2024-12-31,20250917,MLB Stats API regular-season pitching totals
656849,David Peterson,42,1b6ca56bc8cbddbb44ad7294f100f8cb350aca8915f58fcb0e5137231adc1970,True,SEEDED_PRETEST_SAMPLE,2024-12-31,20250917,MLB Stats API regular-season pitching totals
657006,Justin Steele,54,f98d0763fafad3786b27c33b619ae3307a275e4ac6db98c96fb353bdd993645d,False,NOT_SAMPLED,2024-12-31,20250917,MLB Stats API regular-season pitching totals
657277,Logan Webb,66,d65a5cac46b3ef59878f7a68777475f58fbce12f70953fc6cc5645ba745eb625,True,RETAINED_ORIGINAL_COHORT,2024-12-31,20250917,MLB Stats API regular-season pitching totals
657376,Clarke Schmidt,48,b7683444ae4fe3b00cb081f51f8dc280159f146e32840a24294dea2af8f7f06b,False,NOT_SAMPLED,2024-12-31,20250917,MLB Stats API regular-season pitching totals
657746,Joe Ryan,52,84566025bda26b81754fa55bf3148fd6a64c2e13f071237b22edeb038fcb6054,False,NOT_SAMPLED,2024-12-31,20250917,MLB Stats API regular-season pitching totals
663362,Matt Waldron,32,7aa73e894b187f88cfbe926de99958b3d6da337e95d2fa1dac887dd48fa82008,False,NOT_SAMPLED,2024-12-31,20250917,MLB Stats API regular-season pitching totals
663372,Ryan Feltner,40,7750d4eaaa5a56c0836ce7f9fd4232ba7e482199233c0c3d90534df97f1fbd23,False,NOT_SAMPLED,2024-12-31,20250917,MLB Stats API regular-season pitching totals
663559,Bailey Falter,42,66ee243add7d8ef69f37c2db9430320afee3835df9cc427c03dba197b55aebfa,False,NOT_SAMPLED,2024-12-31,20250917,MLB Stats API regular-season pitching totals
663623,Jake Irvin,57,cb31cfc22af9d1cbc027d4881e946f6b62ed2192bf4d8919f4e3b37fc0cd9234,False,NOT_SAMPLED,2024-12-31,20250917,MLB Stats API regular-season pitching totals
663776,Patrick Sandoval,44,304bf3b92fea0535440c7a7b3aa5fbddc8bed50ef7579b086b810e5b7c279f2c,True,SEEDED_PRETEST_SAMPLE,2024-12-31,20250917,MLB Stats API regular-season pitching totals
663903,Brady Singer,61,37a9b477e9ab0a29197f6a2125420d382da650944bfeef6a395ffbef8b7d8885,True,SEEDED_PRETEST_SAMPLE,2024-12-31,20250917,MLB Stats API regular-season pitching totals
664285,Framber Valdez,59,82c7265a61118c7b8dda6d26d78d2521b02a58f2b997fa1f3ebdbfdfb549c01f,False,NOT_SAMPLED,2024-12-31,20250917,MLB Stats API regular-season pitching totals
664299,Cristian Javier,38,171f34bc12f90e94238ea6a6a64412fb7c59fda4b022e9b23bd0f52bc14a6a0d,True,SEEDED_PRETEST_SAMPLE,2024-12-31,20250917,MLB Stats API regular-season pitching totals
665152,Dean Kremer,56,8134c1a6724ad4b34bdc9348e6c11444a1e17b454c07c9d408dfe27bf01368d4,False,NOT_SAMPLED,2024-12-31,20250917,MLB Stats API regular-season pitching totals
665795,Edward Cabrera,40,39df4e87837c018afddf4ecc42e1eff7d7761690c11d2ba473cbfdc3d50708d3,True,SEEDED_PRETEST_SAMPLE,2024-12-31,20250917,MLB Stats API regular-season pitching totals
665871,Javier Assad,39,66ff89b1fe10b6239ae535bc4b1837570ffdb4a991875250d60e7cebb8ebb42a,False,NOT_SAMPLED,2024-12-31,20250917,MLB Stats API regular-season pitching totals
666129,Braxton Garrett,37,40777dfc09f6334005379118201b803982e1bb7c8951652ee77f93d26b11af7f,True,SEEDED_PRETEST_SAMPLE,2024-12-31,20250917,MLB Stats API regular-season pitching totals
666142,Cole Ragans,44,2bc67dc0f763f020a9f34becea0f5175552d8862aa8c7b7c070c26a7cfec1df9,True,SEEDED_PRETEST_SAMPLE,2024-12-31,20250917,MLB Stats API regular-season pitching totals
666200,Jesús Luzardo,44,dde1b04bd8eb79b2d940f10ff7211198893211675e73a097ba070adec5383683,False,NOT_SAMPLED,2024-12-31,20250917,MLB Stats API regular-season pitching totals
668678,Zac Gallen,62,6bc7eaf911ea089d176859d01a53001a4ed06b70b7e7948de1dafd28e787c8f6,False,NOT_SAMPLED,2024-12-31,20250917,MLB Stats API regular-season pitching totals
668881,Hunter Greene,48,351ab82dcb286965f6552e1786e2aaee32dd741da24aa1cc46d1f52563d11ceb,True,SEEDED_PRETEST_SAMPLE,2024-12-31,20250917,MLB Stats API regular-season pitching totals
668909,Gavin Williams,32,bb41aec0c00d1b905a6fe1b76706a82409b537d88ab57492c53ef69e71b70a55,False,NOT_SAMPLED,2024-12-31,20250917,MLB Stats API regular-season pitching totals
668933,Graham Ashcraft,41,7270be9a5b119ef442f23b436f64431fbf3f5642a57603db51689dbb27303b60,False,NOT_SAMPLED,2024-12-31,20250917,MLB Stats API regular-season pitching totals
669022,MacKenzie Gore,59,f8153fa57603bc76bc5f186a2e3f9d304b7518b96e9c178bab5b66b77859079b,False,NOT_SAMPLED,2024-12-31,20250917,MLB Stats API regular-season pitching totals
669194,Ryne Nelson,52,2d0c0bb9265ac49a4cb020646cdef8a2ded82ebef5e56585e9ba31bf3ca4ec78,True,SEEDED_PRETEST_SAMPLE,2024-12-31,20250917,MLB Stats API regular-season pitching totals
669203,Corbin Burnes,64,80bd1b58d4ad67e2369702e2ff213534d8ecf50ec1d7992eb9959c9146c13fc7,True,RETAINED_ORIGINAL_COHORT,2024-12-31,20250917,MLB Stats API regular-season pitching totals
669302,Logan Gilbert,65,f3dce1ee422147dead1f02b08f8ee2e14166e7133939d247bb8f58033a8fdb82,False,NOT_SAMPLED,2024-12-31,20250917,MLB Stats API regular-season pitching totals
669373,Tarik Skubal,46,b82ddec45ca99b9ef01cd799848c0b8ac6960083dff6e5071fcd48576c0882f2,False,NOT_SAMPLED,2024-12-31,20250917,MLB Stats API regular-season pitching totals
669854,Ronel Blanco,36,8d350bb876a20808c213c93e3d67314f429e960131cf3da9fbc99a5f80ae7f7c,False,NOT_SAMPLED,2024-12-31,20250917,MLB Stats API regular-season pitching totals
669923,George Kirby,64,998c135acc3fb1e56dc3892b684dd3ab2213572bb5a275b718bc4cc38938abe8,False,NOT_SAMPLED,2024-12-31,20250917,MLB Stats API regular-season pitching totals
670912,Johan Oviedo,32,0c79d00a7468ae8428932c45c5567f5e20fc090fdd632dc0d6441e312d6bb882,True,SEEDED_PRETEST_SAMPLE,2024-12-31,20250917,MLB Stats API regular-season pitching totals
671096,Andrew Abbott,46,8ded1eb35010d1e548ab2c9a3384cfeac6a6b0d7dfa93aeced41ac351778449f,False,NOT_SAMPLED,2024-12-31,20250917,MLB Stats API regular-season pitching totals
671106,Logan Allen,44,1051a18e09d9135a787813ef01a09f8aa40f47169f6fbe44c7232b2b66bc728c,True,SEEDED_PRETEST_SAMPLE,2024-12-31,20250917,MLB Stats API regular-season pitching totals
671737,Taj Bradley,46,e46a99347071291e2a388bd5e45628c1dcb3d4cb8434ec5b81bb8b460560c7a4,False,NOT_SAMPLED,2024-12-31,20250917,MLB Stats API regular-season pitching totals
672282,Reid Detmers,45,de557f15a07873120fb0d4806b4227360e566c84d41bbc4c64bb4f958b598ad3,False,NOT_SAMPLED,2024-12-31,20250917,MLB Stats API regular-season pitching totals
673540,Kodai Senga,30,951c405959d0c4711660c08772bf24099b361d263d1e2c92a959375ecb1ff5e5,False,NOT_SAMPLED,2024-12-31,20250917,MLB Stats API regular-season pitching totals
675911,Spencer Strider,34,043994fe57ab7edf495385330a78d873b38a6e13ae07768507f5195c6e6c0bd7,True,SEEDED_PRETEST_SAMPLE,2024-12-31,20250917,MLB Stats API regular-season pitching totals
676272,Bobby Miller,35,b82f72c036c76d88c47d805173b6b916a95bd1c690019c23b69773c870accd96,False,NOT_SAMPLED,2024-12-31,20250917,MLB Stats API regular-season pitching totals
676440,Tanner Bibee,56,cc85c04726d218afd49cab6df4642e96e40a528049ca61d918579a4eec2b201d,False,NOT_SAMPLED,2024-12-31,20250917,MLB Stats API regular-season pitching totals
676664,JP Sears,64,a4c1a11b36cdc95ccec1ea65a6e7f673247dd69ff5ec4e48c501dac921dd0dfb,False,NOT_SAMPLED,2024-12-31,20250917,MLB Stats API regular-season pitching totals
676710,Kutter Crawford,56,8397595bde0dde157fd13d251b5cb09e149934e213214ca099f1badc7e727bdf,False,NOT_SAMPLED,2024-12-31,20250917,MLB Stats API regular-season pitching totals
676979,Garrett Crochet,32,715ed9f1afebcd8a23cd7ba7754bba4d24f6254665141a23ec9b4b7fa9fe5d6c,False,NOT_SAMPLED,2024-12-31,20250917,MLB Stats API regular-season pitching totals
678394,Brayan Bello,58,5a31f2df7bccf68f76fea9c96ee04c0bb5243250e0df46019de2423dd0114c52,False,NOT_SAMPLED,2024-12-31,20250917,MLB Stats API regular-season pitching totals
679525,Alec Marsh,33,286858bbaef223def42acce709d512b20480b0eb4408adf7a1cafa79cddbf467,True,SEEDED_PRETEST_SAMPLE,2024-12-31,20250917,MLB Stats API regular-season pitching totals
680570,Grayson Rodriguez,43,c0c048f5f39ea20ed5c79e634c951cc115aafb42c65b2613c4734d68c2cb49e4,False,NOT_SAMPLED,2024-12-31,20250917,MLB Stats API regular-season pitching totals
680686,Josiah Gray,32,8a0d1a716ab2b1f850c689a946e66eb163cbf50adc626a4408f4813301137238,False,NOT_SAMPLED,2024-12-31,20250917,MLB Stats API regular-season pitching totals
680694,Kyle Bradish,38,4e213684d5908343f8f30c426ec7f94f37456965409a3392a7a485fe3c2ec0e0,False,NOT_SAMPLED,2024-12-31,20250917,MLB Stats API regular-season pitching totals
681857,Reese Olson,40,1197a1036b493b14d4fe92eac63db5b797d1bdd01825b5e1b33e812de50a7fab,True,SEEDED_PRETEST_SAMPLE,2024-12-31,20250917,MLB Stats API regular-season pitching totals
682243,Bryce Miller,56,a9c1390f66bfd5a8a89b68b48baab04d1310f826d8154d28485488dfd5e9cf42,False,NOT_SAMPLED,2024-12-31,20250917,MLB Stats API regular-season pitching totals
682847,Luis Ortiz,30,ceb09c8838bb50c7b3fc47b0051fa8c8cfbbe0de264e55b2df3c54c56229d849,False,NOT_SAMPLED,2024-12-31,20250917,MLB Stats API regular-season pitching totals
686613,Hunter Brown,59,5f1e67449f52b56b647ae7e9798a2d9355aab05b413964862a7618e3e824eb7d,False,NOT_SAMPLED,2024-12-31,20250917,MLB Stats API regular-season pitching totals
690986,Kyle Harrison,31,a22b66a9201cac68311c82b550040f026c80f1d40a5d949b9cc17a23e0a2401b,False,NOT_SAMPLED,2024-12-31,20250917,MLB Stats API regular-season pitching totals
693433,Bryan Woo,40,bfef06f157f113eb9799d8f16c15accf083c976f521e4c0f0a168abdb70911f7,False,NOT_SAMPLED,2024-12-31,20250917,MLB Stats API regular-season pitching totals
693821,Bryce Elder,41,82641c0ac7bbafd01c3c85fbcef0c668b3566dd22cd818bf0d9585aaa20d636e,False,NOT_SAMPLED,2024-12-31,20250917,MLB Stats API regular-season pitching totals
694297,Brandon Pfaadt,50,7ec5bbeb5d8466dfcd56124d21f168ee42905c0e82aee010298cf52051ebf9f6,False,NOT_SAMPLED,2024-12-31,20250917,MLB Stats API regular-season pitching totals
