resampling_unit,comparison,metric,estimate,ci_lower_95,ci_upper_95,zero_denominator_frequency,bootstrap_samples,valid_replicates,interval_status,cluster_count,actual_data_source,run_id,protocol_sha256
outing,proposed,episode_recall,0.09740670461733081,0.0840864753088315,0.11045997599539503,0.0,1000,1000,ok,708,mlb_statcast,7f6d93243a7e47d3a78948198dce6f30,bb4dcd5a4c431b74b20b93b9ff6ea5e6af09e5ea1ebcb52b60595efbdde9d59a
outing,proposed,warning_precision,0.3333333333333333,0.2930620435798125,0.37813211845102507,0.0,1000,1000,ok,708,mlb_statcast,7f6d93243a7e47d3a78948198dce6f30,bb4dcd5a4c431b74b20b93b9ff6ea5e6af09e5ea1ebcb52b60595efbdde9d59a
outing,proposed,false_warnings_per_outing,0.4350282485875706,0.3883827683615819,0.4844632768361582,0.0,1000,1000,ok,708,mlb_statcast,7f6d93243a7e47d3a78948198dce6f30,bb4dcd5a4c431b74b20b93b9ff6ea5e6af09e5ea1ebcb52b60595efbdde9d59a
outing,proposed,risk_ratio_alert_vs_no_alert,1.0501375145214535,0.9478082020656472,1.163927494258357,0.0,1000,1000,ok,708,mlb_statcast,7f6d93243a7e47d3a78948198dce6f30,bb4dcd5a4c431b74b20b93b9ff6ea5e6af09e5ea1ebcb52b60595efbdde9d59a
outing,contextual,episode_recall,0.0961416824794434,0.08123338176548978,0.11246943000644237,0.0,1000,1000,ok,708,mlb_statcast,7f6d93243a7e47d3a78948198dce6f30,bb4dcd5a4c431b74b20b93b9ff6ea5e6af09e5ea1ebcb52b60595efbdde9d59a
outing,contextual,warning_precision,0.30218687872763417,0.2595198302265201,0.34524061743341405,0.0,1000,1000,ok,708,mlb_statcast,7f6d93243a7e47d3a78948198dce6f30,bb4dcd5a4c431b74b20b93b9ff6ea5e6af09e5ea1ebcb52b60595efbdde9d59a
outing,contextual,false_warnings_per_outing,0.4957627118644068,0.4350282485875706,0.5635593220338984,0.0,1000,1000,ok,708,mlb_statcast,7f6d93243a7e47d3a78948198dce6f30,bb4dcd5a4c431b74b20b93b9ff6ea5e6af09e5ea1ebcb52b60595efbdde9d59a
outing,contextual,risk_ratio_alert_vs_no_alert,1.0162016497758612,0.871873293097822,1.1549664238412642,0.0,1000,1000,ok,708,mlb_statcast,7f6d93243a7e47d3a78948198dce6f30,bb4dcd5a4c431b74b20b93b9ff6ea5e6af09e5ea1ebcb52b60595efbdde9d59a
outing,velocity,episode_recall,0.0,0.0,0.0,0.0,1000,1000,ok,708,mlb_statcast,7f6d93243a7e47d3a78948198dce6f30,bb4dcd5a4c431b74b20b93b9ff6ea5e6af09e5ea1ebcb52b60595efbdde9d59a
outing,velocity,warning_precision,0.0,0.0,0.0,0.389,1000,611,ok,708,mlb_statcast,7f6d93243a7e47d3a78948198dce6f30,bb4dcd5a4c431b74b20b93b9ff6ea5e6af09e5ea1ebcb52b60595efbdde9d59a
outing,velocity,false_warnings_per_outing,0.0014124293785310734,0.0,0.00423728813559322,0.0,1000,1000,ok,708,mlb_statcast,7f6d93243a7e47d3a78948198dce6f30,bb4dcd5a4c431b74b20b93b9ff6ea5e6af09e5ea1ebcb52b60595efbdde9d59a
outing,velocity,risk_ratio_alert_vs_no_alert,0.0,0.0,0.0,0.389,1000,611,ok,708,mlb_statcast,7f6d93243a7e47d3a78948198dce6f30,bb4dcd5a4c431b74b20b93b9ff6ea5e6af09e5ea1ebcb52b60595efbdde9d59a
outing,pitch_count,episode_recall,0.11195445920303605,0.09893007463979255,0.12571795330530458,0.0,1000,1000,ok,708,mlb_statcast,7f6d93243a7e47d3a78948198dce6f30,bb4dcd5a4c431b74b20b93b9ff6ea5e6af09e5ea1ebcb52b60595efbdde9d59a
outing,pitch_count,warning_precision,0.37184873949579833,0.33117846924177397,0.4150537634408602,0.0,1000,1000,ok,708,mlb_statcast,7f6d93243a7e47d3a78948198dce6f30,bb4dcd5a4c431b74b20b93b9ff6ea5e6af09e5ea1ebcb52b60595efbdde9d59a
outing,pitch_count,false_warnings_per_outing,0.422316384180791,0.3855932203389831,0.45624999999999993,0.0,1000,1000,ok,708,mlb_statcast,7f6d93243a7e47d3a78948198dce6f30,bb4dcd5a4c431b74b20b93b9ff6ea5e6af09e5ea1ebcb52b60595efbdde9d59a
outing,pitch_count,risk_ratio_alert_vs_no_alert,0.9905094220222191,0.8997716718867993,1.0928306697175074,0.0,1000,1000,ok,708,mlb_statcast,7f6d93243a7e47d3a78948198dce6f30,bb4dcd5a4c431b74b20b93b9ff6ea5e6af09e5ea1ebcb52b60595efbdde9d59a
outing,proposed_minus_contextual,episode_recall,0.0012650221378874144,-0.018639174877715728,0.019692043588595297,0.0,1000,1000,ok,708,mlb_statcast,7f6d93243a7e47d3a78948198dce6f30,bb4dcd5a4c431b74b20b93b9ff6ea5e6af09e5ea1ebcb52b60595efbdde9d59a
outing,proposed_minus_contextual,warning_precision,0.031146454605699148,-0.026398071319969473,0.08480166099548123,0.0,1000,1000,ok,708,mlb_statcast,7f6d93243a7e47d3a78948198dce6f30,bb4dcd5a4c431b74b20b93b9ff6ea5e6af09e5ea1ebcb52b60595efbdde9d59a
outing,proposed_minus_contextual,false_warnings_per_outing,-0.06073446327683618,-0.1483050847457627,0.012747175141242927,0.0,1000,1000,ok,708,mlb_statcast,7f6d93243a7e47d3a78948198dce6f30,bb4dcd5a4c431b74b20b93b9ff6ea5e6af09e5ea1ebcb52b60595efbdde9d59a
outing,proposed_minus_contextual,risk_ratio_alert_vs_no_alert,0.03393586474559229,-0.13939367607812334,0.20495920557125427,0.0,1000,1000,ok,708,mlb_statcast,7f6d93243a7e47d3a78948198dce6f30,bb4dcd5a4c431b74b20b93b9ff6ea5e6af09e5ea1ebcb52b60595efbdde9d59a
outing,proposed_minus_velocity,episode_recall,0.09740670461733081,0.0840864753088315,0.11045997599539503,0.0,1000,1000,ok,708,mlb_statcast,7f6d93243a7e47d3a78948198dce6f30,bb4dcd5a4c431b74b20b93b9ff6ea5e6af09e5ea1ebcb52b60595efbdde9d59a
outing,proposed_minus_velocity,warning_precision,0.3333333333333333,0.2930745197870863,0.377709943341733,0.389,1000,611,ok,708,mlb_statcast,7f6d93243a7e47d3a78948198dce6f30,bb4dcd5a4c431b74b20b93b9ff6ea5e6af09e5ea1ebcb52b60595efbdde9d59a
outing,proposed_minus_velocity,false_warnings_per_outing,0.4336158192090395,0.3870056497175141,0.4830508474576271,0.0,1000,1000,ok,708,mlb_statcast,7f6d93243a7e47d3a78948198dce6f30,bb4dcd5a4c431b74b20b93b9ff6ea5e6af09e5ea1ebcb52b60595efbdde9d59a
outing,proposed_minus_velocity,risk_ratio_alert_vs_no_alert,1.0501375145214535,0.9463224350903667,1.155770601300285,0.389,1000,611,ok,708,mlb_statcast,7f6d93243a7e47d3a78948198dce6f30,bb4dcd5a4c431b74b20b93b9ff6ea5e6af09e5ea1ebcb52b60595efbdde9d59a
outing,proposed_minus_pitch_count,episode_recall,-0.014547754585705244,-0.028855849642010312,-0.0012799452291610298,0.0,1000,1000,ok,708,mlb_statcast,7f6d93243a7e47d3a78948198dce6f30,bb4dcd5a4c431b74b20b93b9ff6ea5e6af09e5ea1ebcb52b60595efbdde9d59a
outing,proposed_minus_pitch_count,warning_precision,-0.038515406162465016,-0.08575207960152988,0.008080832501292538,0.0,1000,1000,ok,708,mlb_statcast,7f6d93243a7e47d3a78948198dce6f30,bb4dcd5a4c431b74b20b93b9ff6ea5e6af09e5ea1ebcb52b60595efbdde9d59a
outing,proposed_minus_pitch_count,false_warnings_per_outing,0.012711864406779627,-0.03813559322033899,0.0635593220338983,0.0,1000,1000,ok,708,mlb_statcast,7f6d93243a7e47d3a78948198dce6f30,bb4dcd5a4c431b74b20b93b9ff6ea5e6af09e5ea1ebcb52b60595efbdde9d59a
outing,proposed_minus_pitch_count,risk_ratio_alert_vs_no_alert,0.0596280924992344,-0.036270804044157265,0.15312033939465355,0.0,1000,1000,ok,708,mlb_statcast,7f6d93243a7e47d3a78948198dce6f30,bb4dcd5a4c431b74b20b93b9ff6ea5e6af09e5ea1ebcb52b60595efbdde9d59a
pitcher,proposed,episode_recall,0.09740670461733081,0.07707774949337899,0.1155615862428243,0.0,1000,1000,ok,34,mlb_statcast,7f6d93243a7e47d3a78948198dce6f30,bb4dcd5a4c431b74b20b93b9ff6ea5e6af09e5ea1ebcb52b60595efbdde9d59a
pitcher,proposed,warning_precision,0.3333333333333333,0.2771349355273287,0.3871280927027873,0.0,1000,1000,ok,34,mlb_statcast,7f6d93243a7e47d3a78948198dce6f30,bb4dcd5a4c431b74b20b93b9ff6ea5e6af09e5ea1ebcb52b60595efbdde9d59a
pitcher,proposed,false_warnings_per_outing,0.4350282485875706,0.3836822190479802,0.48810215946843855,0.0,1000,1000,ok,34,mlb_statcast,7f6d93243a7e47d3a78948198dce6f30,bb4dcd5a4c431b74b20b93b9ff6ea5e6af09e5ea1ebcb52b60595efbdde9d59a
pitcher,proposed,risk_ratio_alert_vs_no_alert,1.0501375145214535,0.906833072816044,1.1728373704118336,0.0,1000,1000,ok,34,mlb_statcast,7f6d93243a7e47d3a78948198dce6f30,bb4dcd5a4c431b74b20b93b9ff6ea5e6af09e5ea1ebcb52b60595efbdde9d59a
pitcher,contextual,episode_recall,0.0961416824794434,0.07696519115560836,0.11730851689610666,0.0,1000,1000,ok,34,mlb_statcast,7f6d93243a7e47d3a78948198dce6f30,bb4dcd5a4c431b74b20b93b9ff6ea5e6af09e5ea1ebcb52b60595efbdde9d59a
pitcher,contextual,warning_precision,0.30218687872763417,0.26165122084858866,0.3440895354557594,0.0,1000,1000,ok,34,mlb_statcast,7f6d93243a7e47d3a78948198dce6f30,bb4dcd5a4c431b74b20b93b9ff6ea5e6af09e5ea1ebcb52b60595efbdde9d59a
pitcher,contextual,false_warnings_per_outing,0.4957627118644068,0.4062403549382716,0.5863529169118211,0.0,1000,1000,ok,34,mlb_statcast,7f6d93243a7e47d3a78948198dce6f30,bb4dcd5a4c431b74b20b93b9ff6ea5e6af09e5ea1ebcb52b60595efbdde9d59a
pitcher,contextual,risk_ratio_alert_vs_no_alert,1.0162016497758612,0.8784103638852816,1.1472678052040086,0.0,1000,1000,ok,34,mlb_statcast,7f6d93243a7e47d3a78948198dce6f30,bb4dcd5a4c431b74b20b93b9ff6ea5e6af09e5ea1ebcb52b60595efbdde9d59a
pitcher,velocity,episode_recall,0.0,0.0,0.0,0.0,1000,1000,ok,34,mlb_statcast,7f6d93243a7e47d3a78948198dce6f30,bb4dcd5a4c431b74b20b93b9ff6ea5e6af09e5ea1ebcb52b60595efbdde9d59a
pitcher,velocity,warning_precision,0.0,0.0,0.0,0.388,1000,612,ok,34,mlb_statcast,7f6d93243a7e47d3a78948198dce6f30,bb4dcd5a4c431b74b20b93b9ff6ea5e6af09e5ea1ebcb52b60595efbdde9d59a
pitcher,velocity,false_warnings_per_outing,0.0014124293785310734,0.0,0.0046017587227164015,0.0,1000,1000,ok,34,mlb_statcast,7f6d93243a7e47d3a78948198dce6f30,bb4dcd5a4c431b74b20b93b9ff6ea5e6af09e5ea1ebcb52b60595efbdde9d59a
pitcher,velocity,risk_ratio_alert_vs_no_alert,0.0,0.0,0.0,0.388,1000,612,ok,34,mlb_statcast,7f6d93243a7e47d3a78948198dce6f30,bb4dcd5a4c431b74b20b93b9ff6ea5e6af09e5ea1ebcb52b60595efbdde9d59a
pitcher,pitch_count,episode_recall,0.11195445920303605,0.0937763951993338,0.1298044665732102,0.0,1000,1000,ok,34,mlb_statcast,7f6d93243a7e47d3a78948198dce6f30,bb4dcd5a4c431b74b20b93b9ff6ea5e6af09e5ea1ebcb52b60595efbdde9d59a
pitcher,pitch_count,warning_precision,0.37184873949579833,0.31553813863341995,0.4302132636429176,0.0,1000,1000,ok,34,mlb_statcast,7f6d93243a7e47d3a78948198dce6f30,bb4dcd5a4c431b74b20b93b9ff6ea5e6af09e5ea1ebcb52b60595efbdde9d59a
pitcher,pitch_count,false_warnings_per_outing,0.422316384180791,0.36841768744110914,0.4715821812596006,0.0,1000,1000,ok,34,mlb_statcast,7f6d93243a7e47d3a78948198dce6f30,bb4dcd5a4c431b74b20b93b9ff6ea5e6af09e5ea1ebcb52b60595efbdde9d59a
pitcher,pitch_count,risk_ratio_alert_vs_no_alert,0.9905094220222191,0.8615138101505018,1.10137698795085,0.0,1000,1000,ok,34,mlb_statcast,7f6d93243a7e47d3a78948198dce6f30,bb4dcd5a4c431b74b20b93b9ff6ea5e6af09e5ea1ebcb52b60595efbdde9d59a
pitcher,proposed_minus_contextual,episode_recall,0.0012650221378874144,-0.032623102463699045,0.02800517125587642,0.0,1000,1000,ok,34,mlb_statcast,7f6d93243a7e47d3a78948198dce6f30,bb4dcd5a4c431b74b20b93b9ff6ea5e6af09e5ea1ebcb52b60595efbdde9d59a
pitcher,proposed_minus_contextual,warning_precision,0.031146454605699148,-0.05671521372682031,0.10864077402165427,0.0,1000,1000,ok,34,mlb_statcast,7f6d93243a7e47d3a78948198dce6f30,bb4dcd5a4c431b74b20b93b9ff6ea5e6af09e5ea1ebcb52b60595efbdde9d59a
pitcher,proposed_minus_contextual,false_warnings_per_outing,-0.06073446327683618,-0.18281834788807705,0.06658066948358225,0.0,1000,1000,ok,34,mlb_statcast,7f6d93243a7e47d3a78948198dce6f30,bb4dcd5a4c431b74b20b93b9ff6ea5e6af09e5ea1ebcb52b60595efbdde9d59a
pitcher,proposed_minus_contextual,risk_ratio_alert_vs_no_alert,0.03393586474559229,-0.17493031371752985,0.2198566362409202,0.0,1000,1000,ok,34,mlb_statcast,7f6d93243a7e47d3a78948198dce6f30,bb4dcd5a4c431b74b20b93b9ff6ea5e6af09e5ea1ebcb52b60595efbdde9d59a
pitcher,proposed_minus_velocity,episode_recall,0.09740670461733081,0.07707774949337899,0.1155615862428243,0.0,1000,1000,ok,34,mlb_statcast,7f6d93243a7e47d3a78948198dce6f30,bb4dcd5a4c431b74b20b93b9ff6ea5e6af09e5ea1ebcb52b60595efbdde9d59a
pitcher,proposed_minus_velocity,warning_precision,0.3333333333333333,0.2842649667405765,0.3891300731869594,0.388,1000,612,ok,34,mlb_statcast,7f6d93243a7e47d3a78948198dce6f30,bb4dcd5a4c431b74b20b93b9ff6ea5e6af09e5ea1ebcb52b60595efbdde9d59a
pitcher,proposed_minus_velocity,false_warnings_per_outing,0.4336158192090395,0.38271604938271603,0.4873698552760137,0.0,1000,1000,ok,34,mlb_statcast,7f6d93243a7e47d3a78948198dce6f30,bb4dcd5a4c431b74b20b93b9ff6ea5e6af09e5ea1ebcb52b60595efbdde9d59a
pitcher,proposed_minus_velocity,risk_ratio_alert_vs_no_alert,1.0501375145214535,0.9259713383795429,1.1770196035876064,0.388,1000,612,ok,34,mlb_statcast,7f6d93243a7e47d3a78948198dce6f30,bb4dcd5a4c431b74b20b93b9ff6ea5e6af09e5ea1ebcb52b60595efbdde9d59a
pitcher,proposed_minus_pitch_count,episode_recall,-0.014547754585705244,-0.030797006113399653,0.0012330178058623524,0.0,1000,1000,ok,34,mlb_statcast,7f6d93243a7e47d3a78948198dce6f30,bb4dcd5a4c431b74b20b93b9ff6ea5e6af09e5ea1ebcb52b60595efbdde9d59a
pitcher,proposed_minus_pitch_count,warning_precision,-0.038515406162465016,-0.09725761769254726,0.018564288544174544,0.0,1000,1000,ok,34,mlb_statcast,7f6d93243a7e47d3a78948198dce6f30,bb4dcd5a4c431b74b20b93b9ff6ea5e6af09e5ea1ebcb52b60595efbdde9d59a
pitcher,proposed_minus_pitch_count,false_warnings_per_outing,0.012711864406779627,-0.043730077345969474,0.07679753505792179,0.0,1000,1000,ok,34,mlb_statcast,7f6d93243a7e47d3a78948198dce6f30,bb4dcd5a4c431b74b20b93b9ff6ea5e6af09e5ea1ebcb52b60595efbdde9d59a
pitcher,proposed_minus_pitch_count,risk_ratio_alert_vs_no_alert,0.0596280924992344,-0.0297718820578361,0.145089465476247,0.0,1000,1000,ok,34,mlb_statcast,7f6d93243a7e47d3a78948198dce6f30,bb4dcd5a4c431b74b20b93b9ff6ea5e6af09e5ea1ebcb52b60595efbdde9d59a
