model_key,matching_horizon,qualified_outing_count,score_available_outing_count,score_available_pitch_count,frozen_warning_count,complete_followup_warning_count,censored_warning_count,followup_coverage,episode_count,matched_episode_count,episode_recall_complete_followup,warning_precision_complete_followup,common_followup_warning_count,common_followup_episode_count,common_followup_matched_episode_count,common_followup_episode_recall,actual_data_source,run_id,protocol_sha256
proposed,10,708,708,48754,652,441,211,0.6763803680981595,1581,104,0.06578115117014548,0.23582766439909297,122,1581,29,0.018342820999367487,mlb_statcast,7f6d93243a7e47d3a78948198dce6f30,bb4dcd5a4c431b74b20b93b9ff6ea5e6af09e5ea1ebcb52b60595efbdde9d59a
proposed,15,708,708,48754,652,306,346,0.46932515337423314,1581,106,0.06704617330803289,0.3464052287581699,122,1581,41,0.025932953826691967,mlb_statcast,7f6d93243a7e47d3a78948198dce6f30,bb4dcd5a4c431b74b20b93b9ff6ea5e6af09e5ea1ebcb52b60595efbdde9d59a
proposed,20,708,708,48754,652,206,446,0.3159509202453988,1581,88,0.055660974067046176,0.42718446601941745,122,1581,49,0.03099304237824162,mlb_statcast,7f6d93243a7e47d3a78948198dce6f30,bb4dcd5a4c431b74b20b93b9ff6ea5e6af09e5ea1ebcb52b60595efbdde9d59a
proposed,25,708,708,48754,652,122,530,0.18711656441717792,1581,60,0.03795066413662239,0.4918032786885246,122,1581,60,0.03795066413662239,mlb_statcast,7f6d93243a7e47d3a78948198dce6f30,bb4dcd5a4c431b74b20b93b9ff6ea5e6af09e5ea1ebcb52b60595efbdde9d59a
contextual,10,708,708,49714,573,509,64,0.8883071553228621,1581,101,0.06388361796331436,0.19842829076620824,336,1581,67,0.04237824161922834,mlb_statcast,7f6d93243a7e47d3a78948198dce6f30,bb4dcd5a4c431b74b20b93b9ff6ea5e6af09e5ea1ebcb52b60595efbdde9d59a
contextual,15,708,708,49714,573,460,113,0.8027923211169284,1581,137,0.0866540164452878,0.29782608695652174,336,1581,100,0.06325110689437065,mlb_statcast,7f6d93243a7e47d3a78948198dce6f30,bb4dcd5a4c431b74b20b93b9ff6ea5e6af09e5ea1ebcb52b60595efbdde9d59a
contextual,20,708,708,49714,573,401,172,0.699825479930192,1581,151,0.09550917141049968,0.3765586034912718,336,1581,125,0.07906388361796332,mlb_statcast,7f6d93243a7e47d3a78948198dce6f30,bb4dcd5a4c431b74b20b93b9ff6ea5e6af09e5ea1ebcb52b60595efbdde9d59a
contextual,25,708,708,49714,573,336,237,0.5863874345549738,1581,145,0.09171410499683745,0.43154761904761907,336,1581,145,0.09171410499683745,mlb_statcast,7f6d93243a7e47d3a78948198dce6f30,bb4dcd5a4c431b74b20b93b9ff6ea5e6af09e5ea1ebcb52b60595efbdde9d59a
velocity,10,708,708,24781,1,0,1,0.0,1581,0,0.0,,0,1581,0,0.0,mlb_statcast,7f6d93243a7e47d3a78948198dce6f30,bb4dcd5a4c431b74b20b93b9ff6ea5e6af09e5ea1ebcb52b60595efbdde9d59a
velocity,15,708,708,24781,1,0,1,0.0,1581,0,0.0,,0,1581,0,0.0,mlb_statcast,7f6d93243a7e47d3a78948198dce6f30,bb4dcd5a4c431b74b20b93b9ff6ea5e6af09e5ea1ebcb52b60595efbdde9d59a
velocity,20,708,708,24781,1,0,1,0.0,1581,0,0.0,,0,1581,0,0.0,mlb_statcast,7f6d93243a7e47d3a78948198dce6f30,bb4dcd5a4c431b74b20b93b9ff6ea5e6af09e5ea1ebcb52b60595efbdde9d59a
velocity,25,708,708,24781,1,0,1,0.0,1581,0,0.0,,0,1581,0,0.0,mlb_statcast,7f6d93243a7e47d3a78948198dce6f30,bb4dcd5a4c431b74b20b93b9ff6ea5e6af09e5ea1ebcb52b60595efbdde9d59a
pitch_count,10,708,708,49714,621,477,144,0.7681159420289855,1581,116,0.07337128399746995,0.2431865828092243,79,1581,14,0.008855154965211892,mlb_statcast,7f6d93243a7e47d3a78948198dce6f30,bb4dcd5a4c431b74b20b93b9ff6ea5e6af09e5ea1ebcb52b60595efbdde9d59a
pitch_count,15,708,708,49714,621,344,277,0.5539452495974235,1581,113,0.07147375079063883,0.32848837209302323,79,1581,21,0.013282732447817837,mlb_statcast,7f6d93243a7e47d3a78948198dce6f30,bb4dcd5a4c431b74b20b93b9ff6ea5e6af09e5ea1ebcb52b60595efbdde9d59a
pitch_count,20,708,708,49714,621,174,447,0.28019323671497587,1581,70,0.044275774826059454,0.40229885057471265,79,1581,28,0.017710309930423784,mlb_statcast,7f6d93243a7e47d3a78948198dce6f30,bb4dcd5a4c431b74b20b93b9ff6ea5e6af09e5ea1ebcb52b60595efbdde9d59a
pitch_count,25,708,708,49714,621,79,542,0.12721417069243157,1581,38,0.02403542061986085,0.4810126582278481,79,1581,38,0.02403542061986085,mlb_statcast,7f6d93243a7e47d3a78948198dce6f30,bb4dcd5a4c431b74b20b93b9ff6ea5e6af09e5ea1ebcb52b60595efbdde9d59a
