season,dataset_split,score_status,pitch_type,actual_data_source,pitch_count,run_id,protocol_sha256
2023,train,CALIBRATION_PHASE,CH,mlb_statcast,2110,7f6d93243a7e47d3a78948198dce6f30,bb4dcd5a4c431b74b20b93b9ff6ea5e6af09e5ea1ebcb52b60595efbdde9d59a
2023,train,CALIBRATION_PHASE,CU,mlb_statcast,848,7f6d93243a7e47d3a78948198dce6f30,bb4dcd5a4c431b74b20b93b9ff6ea5e6af09e5ea1ebcb52b60595efbdde9d59a
2023,train,CALIBRATION_PHASE,FC,mlb_statcast,1673,7f6d93243a7e47d3a78948198dce6f30,bb4dcd5a4c431b74b20b93b9ff6ea5e6af09e5ea1ebcb52b60595efbdde9d59a
2023,train,CALIBRATION_PHASE,FF,mlb_statcast,6621,7f6d93243a7e47d3a78948198dce6f30,bb4dcd5a4c431b74b20b93b9ff6ea5e6af09e5ea1ebcb52b60595efbdde9d59a
2023,train,CALIBRATION_PHASE,FS,mlb_statcast,251,7f6d93243a7e47d3a78948198dce6f30,bb4dcd5a4c431b74b20b93b9ff6ea5e6af09e5ea1ebcb52b60595efbdde9d59a
2023,train,CALIBRATION_PHASE,KC,mlb_statcast,588,7f6d93243a7e47d3a78948198dce6f30,bb4dcd5a4c431b74b20b93b9ff6ea5e6af09e5ea1ebcb52b60595efbdde9d59a
2023,train,CALIBRATION_PHASE,PO,mlb_statcast,1,7f6d93243a7e47d3a78948198dce6f30,bb4dcd5a4c431b74b20b93b9ff6ea5e6af09e5ea1ebcb52b60595efbdde9d59a
2023,train,CALIBRATION_PHASE,SI,mlb_statcast,3120,7f6d93243a7e47d3a78948198dce6f30,bb4dcd5a4c431b74b20b93b9ff6ea5e6af09e5ea1ebcb52b60595efbdde9d59a
2023,train,CALIBRATION_PHASE,SL,mlb_statcast,2579,7f6d93243a7e47d3a78948198dce6f30,bb4dcd5a4c431b74b20b93b9ff6ea5e6af09e5ea1ebcb52b60595efbdde9d59a
2023,train,CALIBRATION_PHASE,ST,mlb_statcast,805,7f6d93243a7e47d3a78948198dce6f30,bb4dcd5a4c431b74b20b93b9ff6ea5e6af09e5ea1ebcb52b60595efbdde9d59a
2023,train,CALIBRATION_PHASE,SV,mlb_statcast,78,7f6d93243a7e47d3a78948198dce6f30,bb4dcd5a4c431b74b20b93b9ff6ea5e6af09e5ea1ebcb52b60595efbdde9d59a
2023,train,CALIBRATION_PHASE,,mlb_statcast,26,7f6d93243a7e47d3a78948198dce6f30,bb4dcd5a4c431b74b20b93b9ff6ea5e6af09e5ea1ebcb52b60595efbdde9d59a
2023,train,INSUFFICIENT_HISTORY,CH,mlb_statcast,2051,7f6d93243a7e47d3a78948198dce6f30,bb4dcd5a4c431b74b20b93b9ff6ea5e6af09e5ea1ebcb52b60595efbdde9d59a
2023,train,INSUFFICIENT_HISTORY,CU,mlb_statcast,664,7f6d93243a7e47d3a78948198dce6f30,bb4dcd5a4c431b74b20b93b9ff6ea5e6af09e5ea1ebcb52b60595efbdde9d59a
2023,train,INSUFFICIENT_HISTORY,FC,mlb_statcast,1375,7f6d93243a7e47d3a78948198dce6f30,bb4dcd5a4c431b74b20b93b9ff6ea5e6af09e5ea1ebcb52b60595efbdde9d59a
2023,train,INSUFFICIENT_HISTORY,FF,mlb_statcast,4261,7f6d93243a7e47d3a78948198dce6f30,bb4dcd5a4c431b74b20b93b9ff6ea5e6af09e5ea1ebcb52b60595efbdde9d59a
2023,train,INSUFFICIENT_HISTORY,FS,mlb_statcast,183,7f6d93243a7e47d3a78948198dce6f30,bb4dcd5a4c431b74b20b93b9ff6ea5e6af09e5ea1ebcb52b60595efbdde9d59a
2023,train,INSUFFICIENT_HISTORY,KC,mlb_statcast,464,7f6d93243a7e47d3a78948198dce6f30,bb4dcd5a4c431b74b20b93b9ff6ea5e6af09e5ea1ebcb52b60595efbdde9d59a
2023,train,INSUFFICIENT_HISTORY,SI,mlb_statcast,1977,7f6d93243a7e47d3a78948198dce6f30,bb4dcd5a4c431b74b20b93b9ff6ea5e6af09e5ea1ebcb52b60595efbdde9d59a
2023,train,INSUFFICIENT_HISTORY,SL,mlb_statcast,2229,7f6d93243a7e47d3a78948198dce6f30,bb4dcd5a4c431b74b20b93b9ff6ea5e6af09e5ea1ebcb52b60595efbdde9d59a
2023,train,INSUFFICIENT_HISTORY,ST,mlb_statcast,789,7f6d93243a7e47d3a78948198dce6f30,bb4dcd5a4c431b74b20b93b9ff6ea5e6af09e5ea1ebcb52b60595efbdde9d59a
2023,train,INSUFFICIENT_HISTORY,SV,mlb_statcast,85,7f6d93243a7e47d3a78948198dce6f30,bb4dcd5a4c431b74b20b93b9ff6ea5e6af09e5ea1ebcb52b60595efbdde9d59a
2023,train,INSUFFICIENT_HISTORY,,mlb_statcast,99,7f6d93243a7e47d3a78948198dce6f30,bb4dcd5a4c431b74b20b93b9ff6ea5e6af09e5ea1ebcb52b60595efbdde9d59a
2023,train,INSUFFICIENT_PITCH_TYPE_OBSERVATIONS,CH,mlb_statcast,290,7f6d93243a7e47d3a78948198dce6f30,bb4dcd5a4c431b74b20b93b9ff6ea5e6af09e5ea1ebcb52b60595efbdde9d59a
2023,train,INSUFFICIENT_PITCH_TYPE_OBSERVATIONS,CS,mlb_statcast,1,7f6d93243a7e47d3a78948198dce6f30,bb4dcd5a4c431b74b20b93b9ff6ea5e6af09e5ea1ebcb52b60595efbdde9d59a
2023,train,INSUFFICIENT_PITCH_TYPE_OBSERVATIONS,CU,mlb_statcast,204,7f6d93243a7e47d3a78948198dce6f30,bb4dcd5a4c431b74b20b93b9ff6ea5e6af09e5ea1ebcb52b60595efbdde9d59a
2023,train,INSUFFICIENT_PITCH_TYPE_OBSERVATIONS,FC,mlb_statcast,61,7f6d93243a7e47d3a78948198dce6f30,bb4dcd5a4c431b74b20b93b9ff6ea5e6af09e5ea1ebcb52b60595efbdde9d59a
2023,train,INSUFFICIENT_PITCH_TYPE_OBSERVATIONS,FF,mlb_statcast,190,7f6d93243a7e47d3a78948198dce6f30,bb4dcd5a4c431b74b20b93b9ff6ea5e6af09e5ea1ebcb52b60595efbdde9d59a
2023,train,INSUFFICIENT_PITCH_TYPE_OBSERVATIONS,FS,mlb_statcast,37,7f6d93243a7e47d3a78948198dce6f30,bb4dcd5a4c431b74b20b93b9ff6ea5e6af09e5ea1ebcb52b60595efbdde9d59a
2023,train,INSUFFICIENT_PITCH_TYPE_OBSERVATIONS,KC,mlb_statcast,34,7f6d93243a7e47d3a78948198dce6f30,bb4dcd5a4c431b74b20b93b9ff6ea5e6af09e5ea1ebcb52b60595efbdde9d59a
2023,train,INSUFFICIENT_PITCH_TYPE_OBSERVATIONS,PO,mlb_statcast,4,7f6d93243a7e47d3a78948198dce6f30,bb4dcd5a4c431b74b20b93b9ff6ea5e6af09e5ea1ebcb52b60595efbdde9d59a
2023,train,INSUFFICIENT_PITCH_TYPE_OBSERVATIONS,SI,mlb_statcast,229,7f6d93243a7e47d3a78948198dce6f30,bb4dcd5a4c431b74b20b93b9ff6ea5e6af09e5ea1ebcb52b60595efbdde9d59a
2023,train,INSUFFICIENT_PITCH_TYPE_OBSERVATIONS,SL,mlb_statcast,162,7f6d93243a7e47d3a78948198dce6f30,bb4dcd5a4c431b74b20b93b9ff6ea5e6af09e5ea1ebcb52b60595efbdde9d59a
2023,train,INSUFFICIENT_PITCH_TYPE_OBSERVATIONS,ST,mlb_statcast,196,7f6d93243a7e47d3a78948198dce6f30,bb4dcd5a4c431b74b20b93b9ff6ea5e6af09e5ea1ebcb52b60595efbdde9d59a
2023,train,MISSING_FEATURES,CH,mlb_statcast,23,7f6d93243a7e47d3a78948198dce6f30,bb4dcd5a4c431b74b20b93b9ff6ea5e6af09e5ea1ebcb52b60595efbdde9d59a
2023,train,MISSING_FEATURES,CU,mlb_statcast,2,7f6d93243a7e47d3a78948198dce6f30,bb4dcd5a4c431b74b20b93b9ff6ea5e6af09e5ea1ebcb52b60595efbdde9d59a
2023,train,MISSING_FEATURES,FC,mlb_statcast,4,7f6d93243a7e47d3a78948198dce6f30,bb4dcd5a4c431b74b20b93b9ff6ea5e6af09e5ea1ebcb52b60595efbdde9d59a
2023,train,MISSING_FEATURES,FF,mlb_statcast,15,7f6d93243a7e47d3a78948198dce6f30,bb4dcd5a4c431b74b20b93b9ff6ea5e6af09e5ea1ebcb52b60595efbdde9d59a
2023,train,MISSING_FEATURES,KC,mlb_statcast,1,7f6d93243a7e47d3a78948198dce6f30,bb4dcd5a4c431b74b20b93b9ff6ea5e6af09e5ea1ebcb52b60595efbdde9d59a
2023,train,MISSING_FEATURES,SI,mlb_statcast,12,7f6d93243a7e47d3a78948198dce6f30,bb4dcd5a4c431b74b20b93b9ff6ea5e6af09e5ea1ebcb52b60595efbdde9d59a
2023,train,MISSING_FEATURES,SL,mlb_statcast,17,7f6d93243a7e47d3a78948198dce6f30,bb4dcd5a4c431b74b20b93b9ff6ea5e6af09e5ea1ebcb52b60595efbdde9d59a
2023,train,MISSING_FEATURES,ST,mlb_statcast,15,7f6d93243a7e47d3a78948198dce6f30,bb4dcd5a4c431b74b20b93b9ff6ea5e6af09e5ea1ebcb52b60595efbdde9d59a
2024,validation,CALIBRATION_PHASE,CH,mlb_statcast,2250,7f6d93243a7e47d3a78948198dce6f30,bb4dcd5a4c431b74b20b93b9ff6ea5e6af09e5ea1ebcb52b60595efbdde9d59a
2024,validation,CALIBRATION_PHASE,CU,mlb_statcast,911,7f6d93243a7e47d3a78948198dce6f30,bb4dcd5a4c431b74b20b93b9ff6ea5e6af09e5ea1ebcb52b60595efbdde9d59a
2024,validation,CALIBRATION_PHASE,FC,mlb_statcast,1872,7f6d93243a7e47d3a78948198dce6f30,bb4dcd5a4c431b74b20b93b9ff6ea5e6af09e5ea1ebcb52b60595efbdde9d59a
2024,validation,CALIBRATION_PHASE,FF,mlb_statcast,6221,7f6d93243a7e47d3a78948198dce6f30,bb4dcd5a4c431b74b20b93b9ff6ea5e6af09e5ea1ebcb52b60595efbdde9d59a
2024,validation,CALIBRATION_PHASE,FS,mlb_statcast,258,7f6d93243a7e47d3a78948198dce6f30,bb4dcd5a4c431b74b20b93b9ff6ea5e6af09e5ea1ebcb52b60595efbdde9d59a
2024,validation,CALIBRATION_PHASE,KC,mlb_statcast,505,7f6d93243a7e47d3a78948198dce6f30,bb4dcd5a4c431b74b20b93b9ff6ea5e6af09e5ea1ebcb52b60595efbdde9d59a
2024,validation,CALIBRATION_PHASE,SI,mlb_statcast,3651,7f6d93243a7e47d3a78948198dce6f30,bb4dcd5a4c431b74b20b93b9ff6ea5e6af09e5ea1ebcb52b60595efbdde9d59a
2024,validation,CALIBRATION_PHASE,SL,mlb_statcast,2231,7f6d93243a7e47d3a78948198dce6f30,bb4dcd5a4c431b74b20b93b9ff6ea5e6af09e5ea1ebcb52b60595efbdde9d59a
2024,validation,CALIBRATION_PHASE,ST,mlb_statcast,1135,7f6d93243a7e47d3a78948198dce6f30,bb4dcd5a4c431b74b20b93b9ff6ea5e6af09e5ea1ebcb52b60595efbdde9d59a
2024,validation,CALIBRATION_PHASE,SV,mlb_statcast,77,7f6d93243a7e47d3a78948198dce6f30,bb4dcd5a4c431b74b20b93b9ff6ea5e6af09e5ea1ebcb52b60595efbdde9d59a
2024,validation,CALIBRATION_PHASE,,mlb_statcast,9,7f6d93243a7e47d3a78948198dce6f30,bb4dcd5a4c431b74b20b93b9ff6ea5e6af09e5ea1ebcb52b60595efbdde9d59a
2024,validation,INSUFFICIENT_HISTORY,,mlb_statcast,84,7f6d93243a7e47d3a78948198dce6f30,bb4dcd5a4c431b74b20b93b9ff6ea5e6af09e5ea1ebcb52b60595efbdde9d59a
2024,validation,INSUFFICIENT_PITCH_TYPE_OBSERVATIONS,CH,mlb_statcast,109,7f6d93243a7e47d3a78948198dce6f30,bb4dcd5a4c431b74b20b93b9ff6ea5e6af09e5ea1ebcb52b60595efbdde9d59a
2024,validation,INSUFFICIENT_PITCH_TYPE_OBSERVATIONS,CU,mlb_statcast,146,7f6d93243a7e47d3a78948198dce6f30,bb4dcd5a4c431b74b20b93b9ff6ea5e6af09e5ea1ebcb52b60595efbdde9d59a
2024,validation,INSUFFICIENT_PITCH_TYPE_OBSERVATIONS,FC,mlb_statcast,102,7f6d93243a7e47d3a78948198dce6f30,bb4dcd5a4c431b74b20b93b9ff6ea5e6af09e5ea1ebcb52b60595efbdde9d59a
2024,validation,INSUFFICIENT_PITCH_TYPE_OBSERVATIONS,FF,mlb_statcast,166,7f6d93243a7e47d3a78948198dce6f30,bb4dcd5a4c431b74b20b93b9ff6ea5e6af09e5ea1ebcb52b60595efbdde9d59a
2024,validation,INSUFFICIENT_PITCH_TYPE_OBSERVATIONS,FO,mlb_statcast,1,7f6d93243a7e47d3a78948198dce6f30,bb4dcd5a4c431b74b20b93b9ff6ea5e6af09e5ea1ebcb52b60595efbdde9d59a
2024,validation,INSUFFICIENT_PITCH_TYPE_OBSERVATIONS,FS,mlb_statcast,120,7f6d93243a7e47d3a78948198dce6f30,bb4dcd5a4c431b74b20b93b9ff6ea5e6af09e5ea1ebcb52b60595efbdde9d59a
2024,validation,INSUFFICIENT_PITCH_TYPE_OBSERVATIONS,KC,mlb_statcast,3,7f6d93243a7e47d3a78948198dce6f30,bb4dcd5a4c431b74b20b93b9ff6ea5e6af09e5ea1ebcb52b60595efbdde9d59a
2024,validation,INSUFFICIENT_PITCH_TYPE_OBSERVATIONS,PO,mlb_statcast,4,7f6d93243a7e47d3a78948198dce6f30,bb4dcd5a4c431b74b20b93b9ff6ea5e6af09e5ea1ebcb52b60595efbdde9d59a
2024,validation,INSUFFICIENT_PITCH_TYPE_OBSERVATIONS,SI,mlb_statcast,233,7f6d93243a7e47d3a78948198dce6f30,bb4dcd5a4c431b74b20b93b9ff6ea5e6af09e5ea1ebcb52b60595efbdde9d59a
2024,validation,INSUFFICIENT_PITCH_TYPE_OBSERVATIONS,SL,mlb_statcast,204,7f6d93243a7e47d3a78948198dce6f30,bb4dcd5a4c431b74b20b93b9ff6ea5e6af09e5ea1ebcb52b60595efbdde9d59a
2024,validation,INSUFFICIENT_PITCH_TYPE_OBSERVATIONS,ST,mlb_statcast,337,7f6d93243a7e47d3a78948198dce6f30,bb4dcd5a4c431b74b20b93b9ff6ea5e6af09e5ea1ebcb52b60595efbdde9d59a
2024,validation,MISSING_FEATURES,CH,mlb_statcast,5,7f6d93243a7e47d3a78948198dce6f30,bb4dcd5a4c431b74b20b93b9ff6ea5e6af09e5ea1ebcb52b60595efbdde9d59a
2024,validation,MISSING_FEATURES,CU,mlb_statcast,1,7f6d93243a7e47d3a78948198dce6f30,bb4dcd5a4c431b74b20b93b9ff6ea5e6af09e5ea1ebcb52b60595efbdde9d59a
2024,validation,MISSING_FEATURES,FC,mlb_statcast,2,7f6d93243a7e47d3a78948198dce6f30,bb4dcd5a4c431b74b20b93b9ff6ea5e6af09e5ea1ebcb52b60595efbdde9d59a
2024,validation,MISSING_FEATURES,FF,mlb_statcast,4,7f6d93243a7e47d3a78948198dce6f30,bb4dcd5a4c431b74b20b93b9ff6ea5e6af09e5ea1ebcb52b60595efbdde9d59a
2024,validation,MISSING_FEATURES,SI,mlb_statcast,7,7f6d93243a7e47d3a78948198dce6f30,bb4dcd5a4c431b74b20b93b9ff6ea5e6af09e5ea1ebcb52b60595efbdde9d59a
2024,validation,MISSING_FEATURES,SL,mlb_statcast,2,7f6d93243a7e47d3a78948198dce6f30,bb4dcd5a4c431b74b20b93b9ff6ea5e6af09e5ea1ebcb52b60595efbdde9d59a
2025,test,CALIBRATION_PHASE,CH,mlb_statcast,1551,7f6d93243a7e47d3a78948198dce6f30,bb4dcd5a4c431b74b20b93b9ff6ea5e6af09e5ea1ebcb52b60595efbdde9d59a
2025,test,CALIBRATION_PHASE,CU,mlb_statcast,621,7f6d93243a7e47d3a78948198dce6f30,bb4dcd5a4c431b74b20b93b9ff6ea5e6af09e5ea1ebcb52b60595efbdde9d59a
2025,test,CALIBRATION_PHASE,FC,mlb_statcast,1093,7f6d93243a7e47d3a78948198dce6f30,bb4dcd5a4c431b74b20b93b9ff6ea5e6af09e5ea1ebcb52b60595efbdde9d59a
2025,test,CALIBRATION_PHASE,FF,mlb_statcast,4960,7f6d93243a7e47d3a78948198dce6f30,bb4dcd5a4c431b74b20b93b9ff6ea5e6af09e5ea1ebcb52b60595efbdde9d59a
2025,test,CALIBRATION_PHASE,FS,mlb_statcast,281,7f6d93243a7e47d3a78948198dce6f30,bb4dcd5a4c431b74b20b93b9ff6ea5e6af09e5ea1ebcb52b60595efbdde9d59a
2025,test,CALIBRATION_PHASE,KC,mlb_statcast,441,7f6d93243a7e47d3a78948198dce6f30,bb4dcd5a4c431b74b20b93b9ff6ea5e6af09e5ea1ebcb52b60595efbdde9d59a
2025,test,CALIBRATION_PHASE,PO,mlb_statcast,1,7f6d93243a7e47d3a78948198dce6f30,bb4dcd5a4c431b74b20b93b9ff6ea5e6af09e5ea1ebcb52b60595efbdde9d59a
2025,test,CALIBRATION_PHASE,SI,mlb_statcast,2498,7f6d93243a7e47d3a78948198dce6f30,bb4dcd5a4c431b74b20b93b9ff6ea5e6af09e5ea1ebcb52b60595efbdde9d59a
2025,test,CALIBRATION_PHASE,SL,mlb_statcast,1854,7f6d93243a7e47d3a78948198dce6f30,bb4dcd5a4c431b74b20b93b9ff6ea5e6af09e5ea1ebcb52b60595efbdde9d59a
2025,test,CALIBRATION_PHASE,ST,mlb_statcast,822,7f6d93243a7e47d3a78948198dce6f30,bb4dcd5a4c431b74b20b93b9ff6ea5e6af09e5ea1ebcb52b60595efbdde9d59a
2025,test,CALIBRATION_PHASE,SV,mlb_statcast,36,7f6d93243a7e47d3a78948198dce6f30,bb4dcd5a4c431b74b20b93b9ff6ea5e6af09e5ea1ebcb52b60595efbdde9d59a
2025,test,CALIBRATION_PHASE,,mlb_statcast,2,7f6d93243a7e47d3a78948198dce6f30,bb4dcd5a4c431b74b20b93b9ff6ea5e6af09e5ea1ebcb52b60595efbdde9d59a
2025,test,INSUFFICIENT_HISTORY,,mlb_statcast,91,7f6d93243a7e47d3a78948198dce6f30,bb4dcd5a4c431b74b20b93b9ff6ea5e6af09e5ea1ebcb52b60595efbdde9d59a
2025,test,INSUFFICIENT_PITCH_TYPE_OBSERVATIONS,CH,mlb_statcast,158,7f6d93243a7e47d3a78948198dce6f30,bb4dcd5a4c431b74b20b93b9ff6ea5e6af09e5ea1ebcb52b60595efbdde9d59a
2025,test,INSUFFICIENT_PITCH_TYPE_OBSERVATIONS,CU,mlb_statcast,89,7f6d93243a7e47d3a78948198dce6f30,bb4dcd5a4c431b74b20b93b9ff6ea5e6af09e5ea1ebcb52b60595efbdde9d59a
2025,test,INSUFFICIENT_PITCH_TYPE_OBSERVATIONS,FC,mlb_statcast,63,7f6d93243a7e47d3a78948198dce6f30,bb4dcd5a4c431b74b20b93b9ff6ea5e6af09e5ea1ebcb52b60595efbdde9d59a
2025,test,INSUFFICIENT_PITCH_TYPE_OBSERVATIONS,FF,mlb_statcast,23,7f6d93243a7e47d3a78948198dce6f30,bb4dcd5a4c431b74b20b93b9ff6ea5e6af09e5ea1ebcb52b60595efbdde9d59a
2025,test,INSUFFICIENT_PITCH_TYPE_OBSERVATIONS,FS,mlb_statcast,32,7f6d93243a7e47d3a78948198dce6f30,bb4dcd5a4c431b74b20b93b9ff6ea5e6af09e5ea1ebcb52b60595efbdde9d59a
2025,test,INSUFFICIENT_PITCH_TYPE_OBSERVATIONS,PO,mlb_statcast,2,7f6d93243a7e47d3a78948198dce6f30,bb4dcd5a4c431b74b20b93b9ff6ea5e6af09e5ea1ebcb52b60595efbdde9d59a
2025,test,INSUFFICIENT_PITCH_TYPE_OBSERVATIONS,SI,mlb_statcast,200,7f6d93243a7e47d3a78948198dce6f30,bb4dcd5a4c431b74b20b93b9ff6ea5e6af09e5ea1ebcb52b60595efbdde9d59a
2025,test,INSUFFICIENT_PITCH_TYPE_OBSERVATIONS,SL,mlb_statcast,149,7f6d93243a7e47d3a78948198dce6f30,bb4dcd5a4c431b74b20b93b9ff6ea5e6af09e5ea1ebcb52b60595efbdde9d59a
2025,test,INSUFFICIENT_PITCH_TYPE_OBSERVATIONS,ST,mlb_statcast,79,7f6d93243a7e47d3a78948198dce6f30,bb4dcd5a4c431b74b20b93b9ff6ea5e6af09e5ea1ebcb52b60595efbdde9d59a
2025,test,MISSING_FEATURES,CH,mlb_statcast,9,7f6d93243a7e47d3a78948198dce6f30,bb4dcd5a4c431b74b20b93b9ff6ea5e6af09e5ea1ebcb52b60595efbdde9d59a
2025,test,MISSING_FEATURES,FC,mlb_statcast,9,7f6d93243a7e47d3a78948198dce6f30,bb4dcd5a4c431b74b20b93b9ff6ea5e6af09e5ea1ebcb52b60595efbdde9d59a
2025,test,MISSING_FEATURES,FF,mlb_statcast,25,7f6d93243a7e47d3a78948198dce6f30,bb4dcd5a4c431b74b20b93b9ff6ea5e6af09e5ea1ebcb52b60595efbdde9d59a
2025,test,MISSING_FEATURES,KC,mlb_statcast,1,7f6d93243a7e47d3a78948198dce6f30,bb4dcd5a4c431b74b20b93b9ff6ea5e6af09e5ea1ebcb52b60595efbdde9d59a
2025,test,MISSING_FEATURES,SI,mlb_statcast,2,7f6d93243a7e47d3a78948198dce6f30,bb4dcd5a4c431b74b20b93b9ff6ea5e6af09e5ea1ebcb52b60595efbdde9d59a
2025,test,MISSING_FEATURES,SL,mlb_statcast,1,7f6d93243a7e47d3a78948198dce6f30,bb4dcd5a4c431b74b20b93b9ff6ea5e6af09e5ea1ebcb52b60595efbdde9d59a
2025,test,MISSING_FEATURES,ST,mlb_statcast,16,7f6d93243a7e47d3a78948198dce6f30,bb4dcd5a4c431b74b20b93b9ff6ea5e6af09e5ea1ebcb52b60595efbdde9d59a
