pitcher,pitcher_name,n_eligible_pitches,n_eligible_outings,mean,std,median,p25,p75,qualifies,strict_sensitivity,run_id,protocol_sha256
502043,Kyle Gibson,1339,27,3.3465837191934282,2.698529161820126,3.0237,2.4735,3.63185,True,False,7f6d93243a7e47d3a78948198dce6f30,bb4dcd5a4c431b74b20b93b9ff6ea5e6af09e5ea1ebcb52b60595efbdde9d59a
519242,Chris Sale,699,15,3.3662643776824033,5.0578403515343275,2.963,2.41025,3.6748000000000003,True,False,7f6d93243a7e47d3a78948198dce6f30,bb4dcd5a4c431b74b20b93b9ff6ea5e6af09e5ea1ebcb52b60595efbdde9d59a
527048,Martín Pérez,678,14,3.1421383480825957,0.9670061401412232,2.98935,2.453875,3.5871,True,False,7f6d93243a7e47d3a78948198dce6f30,bb4dcd5a4c431b74b20b93b9ff6ea5e6af09e5ea1ebcb52b60595efbdde9d59a
542881,Tyler Anderson,947,20,3.3482611404435056,4.73892444417065,2.9557,2.441,3.5339,True,False,7f6d93243a7e47d3a78948198dce6f30,bb4dcd5a4c431b74b20b93b9ff6ea5e6af09e5ea1ebcb52b60595efbdde9d59a
543037,Gerrit Cole,1611,28,3.1575737430167594,1.275114426983008,3.0179,2.45955,3.62855,True,False,7f6d93243a7e47d3a78948198dce6f30,bb4dcd5a4c431b74b20b93b9ff6ea5e6af09e5ea1ebcb52b60595efbdde9d59a
543294,Kyle Hendricks,909,19,2.9644982398239828,0.7976414060190314,2.8946,2.4237,3.4135,True,False,7f6d93243a7e47d3a78948198dce6f30,bb4dcd5a4c431b74b20b93b9ff6ea5e6af09e5ea1ebcb52b60595efbdde9d59a
554430,Zack Wheeler,1427,26,3.511664821303434,2.75982054290784,3.1659,2.6091499999999996,3.9237,True,False,7f6d93243a7e47d3a78948198dce6f30,bb4dcd5a4c431b74b20b93b9ff6ea5e6af09e5ea1ebcb52b60595efbdde9d59a
573186,Marcus Stroman,681,16,3.1942116005873715,1.0083825208619666,3.1043,2.4602,3.7463,True,False,7f6d93243a7e47d3a78948198dce6f30,bb4dcd5a4c431b74b20b93b9ff6ea5e6af09e5ea1ebcb52b60595efbdde9d59a
579328,Yusei Kikuchi,1247,26,3.264720689655172,0.9840802443848818,3.1356,2.6174999999999997,3.7413499999999997,True,False,7f6d93243a7e47d3a78948198dce6f30,bb4dcd5a4c431b74b20b93b9ff6ea5e6af09e5ea1ebcb52b60595efbdde9d59a
592332,Kevin Gausman,1302,25,3.1011480798771123,2.869687199505468,2.8881,2.3912,3.4051,True,False,7f6d93243a7e47d3a78948198dce6f30,bb4dcd5a4c431b74b20b93b9ff6ea5e6af09e5ea1ebcb52b60595efbdde9d59a
593958,Eduardo Rodriguez,811,19,3.3519623921085087,1.9236195065883248,3.1446,2.5602,3.8057,True,False,7f6d93243a7e47d3a78948198dce6f30,bb4dcd5a4c431b74b20b93b9ff6ea5e6af09e5ea1ebcb52b60595efbdde9d59a
594902,Ben Lively,228,7,3.2925956140350876,1.0371310022980778,3.13535,2.491675,3.975825,True,False,7f6d93243a7e47d3a78948198dce6f30,bb4dcd5a4c431b74b20b93b9ff6ea5e6af09e5ea1ebcb52b60595efbdde9d59a
605397,Joe Musgrove,694,12,3.039873775216139,0.9381857562915684,2.9363,2.384775,3.53475,True,False,7f6d93243a7e47d3a78948198dce6f30,bb4dcd5a4c431b74b20b93b9ff6ea5e6af09e5ea1ebcb52b60595efbdde9d59a
605400,Aaron Nola,1447,26,3.1003753282653763,1.0525414726782125,2.9644,2.4098499999999996,3.59165,True,False,7f6d93243a7e47d3a78948198dce6f30,bb4dcd5a4c431b74b20b93b9ff6ea5e6af09e5ea1ebcb52b60595efbdde9d59a
607536,Kyle Freeland,894,23,3.283851901565996,2.1968399553953035,3.0157,2.531625,3.5945,True,False,7f6d93243a7e47d3a78948198dce6f30,bb4dcd5a4c431b74b20b93b9ff6ea5e6af09e5ea1ebcb52b60595efbdde9d59a
622663,Luis Severino,534,12,3.2560700374531835,2.079028220287448,2.9402,2.45265,3.5757000000000003,True,False,7f6d93243a7e47d3a78948198dce6f30,bb4dcd5a4c431b74b20b93b9ff6ea5e6af09e5ea1ebcb52b60595efbdde9d59a
640455,Sean Manaea,194,5,4.193938144329897,2.6981163909969648,3.2992999999999997,2.78385,4.441175,True,False,7f6d93243a7e47d3a78948198dce6f30,bb4dcd5a4c431b74b20b93b9ff6ea5e6af09e5ea1ebcb52b60595efbdde9d59a
641482,Nestor Cortes,294,7,3.116184693877551,1.1645181025050024,2.9181,2.388575,3.564875,True,False,7f6d93243a7e47d3a78948198dce6f30,bb4dcd5a4c431b74b20b93b9ff6ea5e6af09e5ea1ebcb52b60595efbdde9d59a
641540,Dane Dunning,820,20,3.5075756097560977,3.5112308478546033,3.1039000000000003,2.545025,3.6468,True,False,7f6d93243a7e47d3a78948198dce6f30,bb4dcd5a4c431b74b20b93b9ff6ea5e6af09e5ea1ebcb52b60595efbdde9d59a
650633,Michael King,165,3,4.159127878787879,2.4811084873594917,3.3821,2.8433,4.4423,False,False,7f6d93243a7e47d3a78948198dce6f30,bb4dcd5a4c431b74b20b93b9ff6ea5e6af09e5ea1ebcb52b60595efbdde9d59a
650644,Aaron Civale,700,16,3.1989252857142856,1.0238123037212394,2.98595,2.49235,3.68295,True,False,7f6d93243a7e47d3a78948198dce6f30,bb4dcd5a4c431b74b20b93b9ff6ea5e6af09e5ea1ebcb52b60595efbdde9d59a
650911,Cristopher Sánchez,602,12,2.9106563122923585,1.083202221354709,2.7739000000000003,2.2642,3.3778750000000004,True,False,7f6d93243a7e47d3a78948198dce6f30,bb4dcd5a4c431b74b20b93b9ff6ea5e6af09e5ea1ebcb52b60595efbdde9d59a
656302,Dylan Cease,1490,28,2.95971610738255,0.9777481747357422,2.8470500000000003,2.344275,3.3879,True,False,7f6d93243a7e47d3a78948198dce6f30,bb4dcd5a4c431b74b20b93b9ff6ea5e6af09e5ea1ebcb52b60595efbdde9d59a
656427,Jack Flaherty,1068,22,3.365840168539326,1.4421842712193713,3.1387,2.6081000000000003,3.738225,True,False,7f6d93243a7e47d3a78948198dce6f30,bb4dcd5a4c431b74b20b93b9ff6ea5e6af09e5ea1ebcb52b60595efbdde9d59a
656849,David Peterson,652,16,3.6823774539877303,4.994735196294575,3.0334000000000003,2.5113250000000003,3.68725,True,False,7f6d93243a7e47d3a78948198dce6f30,bb4dcd5a4c431b74b20b93b9ff6ea5e6af09e5ea1ebcb52b60595efbdde9d59a
657277,Logan Webb,1442,26,3.094271636615811,1.8700012754933986,2.82935,2.317775,3.45805,True,False,7f6d93243a7e47d3a78948198dce6f30,bb4dcd5a4c431b74b20b93b9ff6ea5e6af09e5ea1ebcb52b60595efbdde9d59a
663776,Patrick Sandoval,985,22,3.364261725888325,2.4886980193080865,3.1086,2.5782,3.7983,True,False,7f6d93243a7e47d3a78948198dce6f30,bb4dcd5a4c431b74b20b93b9ff6ea5e6af09e5ea1ebcb52b60595efbdde9d59a
663903,Brady Singer,1040,23,3.1462594230769234,1.4405887907886694,2.96265,2.4616249999999997,3.5598,True,False,7f6d93243a7e47d3a78948198dce6f30,bb4dcd5a4c431b74b20b93b9ff6ea5e6af09e5ea1ebcb52b60595efbdde9d59a
664299,Cristian Javier,1172,25,3.1530225255972697,2.396764702468071,2.9491,2.4031000000000002,3.570175,True,False,7f6d93243a7e47d3a78948198dce6f30,bb4dcd5a4c431b74b20b93b9ff6ea5e6af09e5ea1ebcb52b60595efbdde9d59a
665795,Edward Cabrera,570,14,3.3399900000000002,1.0470468792436751,3.22005,2.6186,3.963,True,False,7f6d93243a7e47d3a78948198dce6f30,bb4dcd5a4c431b74b20b93b9ff6ea5e6af09e5ea1ebcb52b60595efbdde9d59a
666129,Braxton Garrett,878,23,3.5193461275626423,3.219085917024886,3.0806500000000003,2.496125,3.7681,True,False,7f6d93243a7e47d3a78948198dce6f30,bb4dcd5a4c431b74b20b93b9ff6ea5e6af09e5ea1ebcb52b60595efbdde9d59a
666142,Cole Ragans,387,7,3.563878811369509,2.3337026266210668,3.231,2.573,3.9402,True,False,7f6d93243a7e47d3a78948198dce6f30,bb4dcd5a4c431b74b20b93b9ff6ea5e6af09e5ea1ebcb52b60595efbdde9d59a
668881,Hunter Greene,775,15,3.1924845161290327,1.2376806793344017,3.0088,2.5456,3.6456999999999997,True,False,7f6d93243a7e47d3a78948198dce6f30,bb4dcd5a4c431b74b20b93b9ff6ea5e6af09e5ea1ebcb52b60595efbdde9d59a
669194,Ryne Nelson,825,22,3.299151151515151,1.0603670475756168,3.1653,2.5445,3.8483,True,False,7f6d93243a7e47d3a78948198dce6f30,bb4dcd5a4c431b74b20b93b9ff6ea5e6af09e5ea1ebcb52b60595efbdde9d59a
669203,Corbin Burnes,1336,26,3.2535405688622756,1.1705868307073994,3.10275,2.5612,3.7289499999999998,True,False,7f6d93243a7e47d3a78948198dce6f30,bb4dcd5a4c431b74b20b93b9ff6ea5e6af09e5ea1ebcb52b60595efbdde9d59a
670912,Johan Oviedo,1293,27,3.2603540603248264,1.1090153224699162,3.1078,2.5801,3.7455,True,False,7f6d93243a7e47d3a78948198dce6f30,bb4dcd5a4c431b74b20b93b9ff6ea5e6af09e5ea1ebcb52b60595efbdde9d59a
671106,Logan Allen,848,18,3.2149353773584903,1.1456566905627805,3.07655,2.430975,3.7662,True,False,7f6d93243a7e47d3a78948198dce6f30,bb4dcd5a4c431b74b20b93b9ff6ea5e6af09e5ea1ebcb52b60595efbdde9d59a
675911,Spencer Strider,1494,27,3.04980702811245,0.8577527874966512,2.95995,2.4628750000000004,3.5124250000000004,True,False,7f6d93243a7e47d3a78948198dce6f30,bb4dcd5a4c431b74b20b93b9ff6ea5e6af09e5ea1ebcb52b60595efbdde9d59a
679525,Alec Marsh,69,3,3.745985507246376,0.8776153010012856,3.7212,3.134,4.4394,False,False,7f6d93243a7e47d3a78948198dce6f30,bb4dcd5a4c431b74b20b93b9ff6ea5e6af09e5ea1ebcb52b60595efbdde9d59a
681857,Reese Olson,534,12,3.196361423220974,1.1515855707194116,2.98155,2.46055,3.8234000000000004,True,False,7f6d93243a7e47d3a78948198dce6f30,bb4dcd5a4c431b74b20b93b9ff6ea5e6af09e5ea1ebcb52b60595efbdde9d59a
502043,Kyle Gibson,684,25,3.3460638888888887,2.286706214144444,3.04425,2.519175,3.63485,True,True,7f6d93243a7e47d3a78948198dce6f30,bb4dcd5a4c431b74b20b93b9ff6ea5e6af09e5ea1ebcb52b60595efbdde9d59a
519242,Chris Sale,402,15,3.2231084577114433,3.3860170024345955,2.9532499999999997,2.3333,3.5832750000000004,True,True,7f6d93243a7e47d3a78948198dce6f30,bb4dcd5a4c431b74b20b93b9ff6ea5e6af09e5ea1ebcb52b60595efbdde9d59a
527048,Martín Pérez,378,12,3.088435978835979,0.9473707312708515,2.9760999999999997,2.4387,3.51215,True,True,7f6d93243a7e47d3a78948198dce6f30,bb4dcd5a4c431b74b20b93b9ff6ea5e6af09e5ea1ebcb52b60595efbdde9d59a
542881,Tyler Anderson,490,20,3.3781144897959186,6.2561119811713155,2.9145,2.4366499999999998,3.4279,True,True,7f6d93243a7e47d3a78948198dce6f30,bb4dcd5a4c431b74b20b93b9ff6ea5e6af09e5ea1ebcb52b60595efbdde9d59a
543037,Gerrit Cole,976,28,3.138341700819672,1.4281257159101481,2.96765,2.4478500000000003,3.558125,True,True,7f6d93243a7e47d3a78948198dce6f30,bb4dcd5a4c431b74b20b93b9ff6ea5e6af09e5ea1ebcb52b60595efbdde9d59a
543294,Kyle Hendricks,557,19,2.986941292639138,0.7882104982267573,2.9364,2.4586,3.4318,True,True,7f6d93243a7e47d3a78948198dce6f30,bb4dcd5a4c431b74b20b93b9ff6ea5e6af09e5ea1ebcb52b60595efbdde9d59a
554430,Zack Wheeler,928,26,3.525652586206897,3.223985768254748,3.1027,2.576425,3.91305,True,True,7f6d93243a7e47d3a78948198dce6f30,bb4dcd5a4c431b74b20b93b9ff6ea5e6af09e5ea1ebcb52b60595efbdde9d59a
573186,Marcus Stroman,353,14,3.12137223796034,0.9571551134563906,3.0659,2.4336,3.6772,True,True,7f6d93243a7e47d3a78948198dce6f30,bb4dcd5a4c431b74b20b93b9ff6ea5e6af09e5ea1ebcb52b60595efbdde9d59a
579328,Yusei Kikuchi,673,25,3.1914151560178308,0.9584379688622827,3.0925,2.5886,3.6076,True,True,7f6d93243a7e47d3a78948198dce6f30,bb4dcd5a4c431b74b20b93b9ff6ea5e6af09e5ea1ebcb52b60595efbdde9d59a
592332,Kevin Gausman,729,25,3.0776252400548696,3.669822092563257,2.8364,2.2947,3.3327,True,True,7f6d93243a7e47d3a78948198dce6f30,bb4dcd5a4c431b74b20b93b9ff6ea5e6af09e5ea1ebcb52b60595efbdde9d59a
593958,Eduardo Rodriguez,371,18,3.172905929919138,1.0471365150255607,3.0144,2.51355,3.6308,True,True,7f6d93243a7e47d3a78948198dce6f30,bb4dcd5a4c431b74b20b93b9ff6ea5e6af09e5ea1ebcb52b60595efbdde9d59a
594902,Ben Lively,131,5,3.41437786259542,1.0684134276357253,3.2467,2.5598,4.1049500000000005,True,True,7f6d93243a7e47d3a78948198dce6f30,bb4dcd5a4c431b74b20b93b9ff6ea5e6af09e5ea1ebcb52b60595efbdde9d59a
605397,Joe Musgrove,461,12,3.013639262472885,0.8797208592593315,2.9119,2.4226,3.5002,True,True,7f6d93243a7e47d3a78948198dce6f30,bb4dcd5a4c431b74b20b93b9ff6ea5e6af09e5ea1ebcb52b60595efbdde9d59a
605400,Aaron Nola,846,26,3.0824355791962175,0.9523769579501585,3.01065,2.4094249999999997,3.584225,True,True,7f6d93243a7e47d3a78948198dce6f30,bb4dcd5a4c431b74b20b93b9ff6ea5e6af09e5ea1ebcb52b60595efbdde9d59a
607536,Kyle Freeland,392,18,3.233255357142857,1.9277624388222445,3.00005,2.459075,3.55845,True,True,7f6d93243a7e47d3a78948198dce6f30,bb4dcd5a4c431b74b20b93b9ff6ea5e6af09e5ea1ebcb52b60595efbdde9d59a
622663,Luis Severino,301,12,3.262586710963455,2.517095065167281,2.9128,2.464,3.4881,True,True,7f6d93243a7e47d3a78948198dce6f30,bb4dcd5a4c431b74b20b93b9ff6ea5e6af09e5ea1ebcb52b60595efbdde9d59a
640455,Sean Manaea,137,5,4.270267153284672,2.944121791785972,3.266,2.762,4.4614,True,True,7f6d93243a7e47d3a78948198dce6f30,bb4dcd5a4c431b74b20b93b9ff6ea5e6af09e5ea1ebcb52b60595efbdde9d59a
641482,Nestor Cortes,152,7,3.031484210526316,1.1044272442140708,2.79805,2.3331,3.494575,True,True,7f6d93243a7e47d3a78948198dce6f30,bb4dcd5a4c431b74b20b93b9ff6ea5e6af09e5ea1ebcb52b60595efbdde9d59a
641540,Dane Dunning,418,18,3.348583492822967,1.9567738431969866,3.0181500000000003,2.495225,3.59355,True,True,7f6d93243a7e47d3a78948198dce6f30,bb4dcd5a4c431b74b20b93b9ff6ea5e6af09e5ea1ebcb52b60595efbdde9d59a
650633,Michael King,99,3,3.771138383838384,1.8184066377310384,3.3521,2.81975,4.207599999999999,False,True,7f6d93243a7e47d3a78948198dce6f30,bb4dcd5a4c431b74b20b93b9ff6ea5e6af09e5ea1ebcb52b60595efbdde9d59a
650644,Aaron Civale,360,16,3.217263611111111,1.0409686038433055,3.0046,2.547725,3.710725,True,True,7f6d93243a7e47d3a78948198dce6f30,bb4dcd5a4c431b74b20b93b9ff6ea5e6af09e5ea1ebcb52b60595efbdde9d59a
650911,Cristopher Sánchez,362,12,2.9458621546961328,1.2162089174979103,2.7658,2.272975,3.403625,True,True,7f6d93243a7e47d3a78948198dce6f30,bb4dcd5a4c431b74b20b93b9ff6ea5e6af09e5ea1ebcb52b60595efbdde9d59a
656302,Dylan Cease,825,28,2.9585144242424244,1.069143839747868,2.8105,2.3207,3.3632,True,True,7f6d93243a7e47d3a78948198dce6f30,bb4dcd5a4c431b74b20b93b9ff6ea5e6af09e5ea1ebcb52b60595efbdde9d59a
656427,Jack Flaherty,575,21,3.26419147826087,1.3586741650498633,3.0855,2.5091,3.6367000000000003,True,True,7f6d93243a7e47d3a78948198dce6f30,bb4dcd5a4c431b74b20b93b9ff6ea5e6af09e5ea1ebcb52b60595efbdde9d59a
656849,David Peterson,332,14,3.6078903614457833,3.3079081282469023,2.9816000000000003,2.48935,3.76735,True,True,7f6d93243a7e47d3a78948198dce6f30,bb4dcd5a4c431b74b20b93b9ff6ea5e6af09e5ea1ebcb52b60595efbdde9d59a
657277,Logan Webb,948,25,3.00629082278481,1.3493873927540245,2.8004,2.2891250000000003,3.39415,True,True,7f6d93243a7e47d3a78948198dce6f30,bb4dcd5a4c431b74b20b93b9ff6ea5e6af09e5ea1ebcb52b60595efbdde9d59a
663776,Patrick Sandoval,489,20,3.3921730061349695,2.991445771266057,3.1086,2.5571,3.7355,True,True,7f6d93243a7e47d3a78948198dce6f30,bb4dcd5a4c431b74b20b93b9ff6ea5e6af09e5ea1ebcb52b60595efbdde9d59a
663903,Brady Singer,535,21,3.0244824299065414,1.0711304803899018,2.9027,2.38355,3.44915,True,True,7f6d93243a7e47d3a78948198dce6f30,bb4dcd5a4c431b74b20b93b9ff6ea5e6af09e5ea1ebcb52b60595efbdde9d59a
664299,Cristian Javier,590,24,3.1912471186440676,3.2298748656186897,2.9105499999999997,2.3525,3.54685,True,True,7f6d93243a7e47d3a78948198dce6f30,bb4dcd5a4c431b74b20b93b9ff6ea5e6af09e5ea1ebcb52b60595efbdde9d59a
665795,Edward Cabrera,315,13,3.4077400000000004,1.0893642505175818,3.2701,2.6647,4.06715,True,True,7f6d93243a7e47d3a78948198dce6f30,bb4dcd5a4c431b74b20b93b9ff6ea5e6af09e5ea1ebcb52b60595efbdde9d59a
666129,Braxton Garrett,387,22,3.5887842377260983,2.9291374372156147,3.1438,2.5812,3.7882,True,True,7f6d93243a7e47d3a78948198dce6f30,bb4dcd5a4c431b74b20b93b9ff6ea5e6af09e5ea1ebcb52b60595efbdde9d59a
666142,Cole Ragans,252,7,3.576571428571429,2.3770394423180696,3.2417499999999997,2.563075,3.930225,True,True,7f6d93243a7e47d3a78948198dce6f30,bb4dcd5a4c431b74b20b93b9ff6ea5e6af09e5ea1ebcb52b60595efbdde9d59a
668881,Hunter Greene,462,14,3.199014502164502,1.4167677449267113,2.9663,2.504775,3.677025,True,True,7f6d93243a7e47d3a78948198dce6f30,bb4dcd5a4c431b74b20b93b9ff6ea5e6af09e5ea1ebcb52b60595efbdde9d59a
669194,Ryne Nelson,332,18,3.29622108433735,1.0732347950726868,3.14665,2.5457,3.850625,True,True,7f6d93243a7e47d3a78948198dce6f30,bb4dcd5a4c431b74b20b93b9ff6ea5e6af09e5ea1ebcb52b60595efbdde9d59a
669203,Corbin Burnes,753,24,3.2091933598937588,1.1980416169593144,3.0206,2.5022,3.6653,True,True,7f6d93243a7e47d3a78948198dce6f30,bb4dcd5a4c431b74b20b93b9ff6ea5e6af09e5ea1ebcb52b60595efbdde9d59a
670912,Johan Oviedo,663,26,3.294875113122172,1.255014685569863,3.0675,2.5875000000000004,3.7203,True,True,7f6d93243a7e47d3a78948198dce6f30,bb4dcd5a4c431b74b20b93b9ff6ea5e6af09e5ea1ebcb52b60595efbdde9d59a
671106,Logan Allen,495,18,3.19555898989899,1.108768803561867,3.0708,2.42155,3.76295,True,True,7f6d93243a7e47d3a78948198dce6f30,bb4dcd5a4c431b74b20b93b9ff6ea5e6af09e5ea1ebcb52b60595efbdde9d59a
675911,Spencer Strider,897,26,3.0311982162764775,0.8229945983437952,2.9348,2.4508,3.5102,True,True,7f6d93243a7e47d3a78948198dce6f30,bb4dcd5a4c431b74b20b93b9ff6ea5e6af09e5ea1ebcb52b60595efbdde9d59a
679525,Alec Marsh,20,3,3.787585,0.779416141314834,3.8188,3.383075,4.415625,False,True,7f6d93243a7e47d3a78948198dce6f30,bb4dcd5a4c431b74b20b93b9ff6ea5e6af09e5ea1ebcb52b60595efbdde9d59a
681857,Reese Olson,287,11,3.169875261324042,1.2383947403462787,2.9009,2.3977500000000003,3.80285,True,True,7f6d93243a7e47d3a78948198dce6f30,bb4dcd5a4c431b74b20b93b9ff6ea5e6af09e5ea1ebcb52b60595efbdde9d59a
