pitcher,pitcher_std,n_eligible_pitches,n_eligible_outings,raw_scale,shrinkage_weight,scale_used,model_key,run_id,protocol_sha256
502043,2.698529161820125,1339,27,1.2482959497421355,0.7562835357243717,1.187782138777023,scale_half,7f6d93243a7e47d3a78948198dce6f30,bb4dcd5a4c431b74b20b93b9ff6ea5e6af09e5ea1ebcb52b60595efbdde9d59a
519242,5.05784035153432,699,15,2.339675151408825,0.6183104820875719,1.8283351887083317,scale_half,7f6d93243a7e47d3a78948198dce6f30,bb4dcd5a4c431b74b20b93b9ff6ea5e6af09e5ea1ebcb52b60595efbdde9d59a
527048,0.9670061401412221,678,14,0.44732140204105947,0.6110860748084723,0.6622658049426213,scale_half,7f6d93243a7e47d3a78948198dce6f30,bb4dcd5a4c431b74b20b93b9ff6ea5e6af09e5ea1ebcb52b60595efbdde9d59a
542881,4.738924444170654,947,20,2.1921498101588948,0.6869785999274574,1.8189814074867416,scale_half,7f6d93243a7e47d3a78948198dce6f30,bb4dcd5a4c431b74b20b93b9ff6ea5e6af09e5ea1ebcb52b60595efbdde9d59a
543037,1.2751144269830068,1611,28,0.5898473128180151,0.7887392900856793,0.6764964606853474,scale_half,7f6d93243a7e47d3a78948198dce6f30,bb4dcd5a4c431b74b20b93b9ff6ea5e6af09e5ea1ebcb52b60595efbdde9d59a
543294,0.7976414060190314,909,19,0.3689760149964793,0.6781051846325997,0.5720993641415888,scale_half,7f6d93243a7e47d3a78948198dce6f30,bb4dcd5a4c431b74b20b93b9ff6ea5e6af09e5ea1ebcb52b60595efbdde9d59a
554430,2.759820542907836,1427,26,1.2766483514313158,0.7678235135862255,1.2124171092238298,scale_half,7f6d93243a7e47d3a78948198dce6f30,bb4dcd5a4c431b74b20b93b9ff6ea5e6af09e5ea1ebcb52b60595efbdde9d59a
573186,1.0083825208619661,681,16,0.46646144662514544,0.6121348314606742,0.6734024675521115,scale_half,7f6d93243a7e47d3a78948198dce6f30,bb4dcd5a4c431b74b20b93b9ff6ea5e6af09e5ea1ebcb52b60595efbdde9d59a
579328,0.9840802443848813,1247,26,0.45521960654238086,0.7429252308608877,0.5952689004220131,scale_half,7f6d93243a7e47d3a78948198dce6f30,bb4dcd5a4c431b74b20b93b9ff6ea5e6af09e5ea1ebcb52b60595efbdde9d59a
592332,2.869687199505473,1302,25,1.327470890013792,0.751081626766657,1.2459573687902838,scale_half,7f6d93243a7e47d3a78948198dce6f30,bb4dcd5a4c431b74b20b93b9ff6ea5e6af09e5ea1ebcb52b60595efbdde9d59a
593958,1.9236195065883246,811,19,0.8898352750427789,0.6527162977867204,0.9280936885792304,scale_half,7f6d93243a7e47d3a78948198dce6f30,bb4dcd5a4c431b74b20b93b9ff6ea5e6af09e5ea1ebcb52b60595efbdde9d59a
594902,1.0371310022980782,228,7,0.47976002921809047,0.3457164518574678,0.8201444831868455,scale_half,7f6d93243a7e47d3a78948198dce6f30,bb4dcd5a4c431b74b20b93b9ff6ea5e6af09e5ea1ebcb52b60595efbdde9d59a
605397,0.9381857562915679,694,12,0.43398955855441307,0.6166148378498445,0.6509895634267104,scale_half,7f6d93243a7e47d3a78948198dce6f30,bb4dcd5a4c431b74b20b93b9ff6ea5e6af09e5ea1ebcb52b60595efbdde9d59a
605400,1.0525414726782127,1447,26,0.48688866359837196,0.7702954484961405,0.6047526729980539,scale_half,7f6d93243a7e47d3a78948198dce6f30,bb4dcd5a4c431b74b20b93b9ff6ea5e6af09e5ea1ebcb52b60595efbdde9d59a
607536,2.196839955395303,894,23,1.0162226361496862,0.6744624669935874,1.0109415591986566,scale_half,7f6d93243a7e47d3a78948198dce6f30,bb4dcd5a4c431b74b20b93b9ff6ea5e6af09e5ea1ebcb52b60595efbdde9d59a
622663,2.0790282202874484,534,12,0.9617248327359051,0.553081305023304,0.9788307205395892,scale_half,7f6d93243a7e47d3a78948198dce6f30,bb4dcd5a4c431b74b20b93b9ff6ea5e6af09e5ea1ebcb52b60595efbdde9d59a
640455,2.6981163909969648,194,5,1.2481050086346563,0.3101518784972022,1.0769502344926032,scale_half,7f6d93243a7e47d3a78948198dce6f30,bb4dcd5a4c431b74b20b93b9ff6ea5e6af09e5ea1ebcb52b60595efbdde9d59a
641482,1.164518102505002,294,7,0.5386872416742433,0.40523776705720194,0.8130586479010717,scale_half,7f6d93243a7e47d3a78948198dce6f30,bb4dcd5a4c431b74b20b93b9ff6ea5e6af09e5ea1ebcb52b60595efbdde9d59a
641540,3.511230847854603,820,20,1.6242386067194574,0.6552137435077906,1.4090097143507432,scale_half,7f6d93243a7e47d3a78948198dce6f30,bb4dcd5a4c431b74b20b93b9ff6ea5e6af09e5ea1ebcb52b60595efbdde9d59a
650644,1.0238123037212392,700,16,0.4735990146459557,0.618647812638091,0.6743431818401847,scale_half,7f6d93243a7e47d3a78948198dce6f30,bb4dcd5a4c431b74b20b93b9ff6ea5e6af09e5ea1ebcb52b60595efbdde9d59a
650911,1.0832022213547083,602,12,0.5010718300916018,0.5824866956942428,0.7093809789212814,scale_half,7f6d93243a7e47d3a78948198dce6f30,bb4dcd5a4c431b74b20b93b9ff6ea5e6af09e5ea1ebcb52b60595efbdde9d59a
656302,0.9777481747357419,1490,28,0.45229049352469003,0.7754358574030705,0.5752864092385054,scale_half,7f6d93243a7e47d3a78948198dce6f30,bb4dcd5a4c431b74b20b93b9ff6ea5e6af09e5ea1ebcb52b60595efbdde9d59a
656427,1.442184271219371,1068,22,0.6671311209142881,0.7122374124708236,0.762918330867929,scale_half,7f6d93243a7e47d3a78948198dce6f30,bb4dcd5a4c431b74b20b93b9ff6ea5e6af09e5ea1ebcb52b60595efbdde9d59a
656849,4.994735196294575,652,16,2.310483727129203,0.6017535763728658,1.7885882695784407,scale_half,7f6d93243a7e47d3a78948198dce6f30,bb4dcd5a4c431b74b20b93b9ff6ea5e6af09e5ea1ebcb52b60595efbdde9d59a
657277,1.8700012754933995,1442,26,0.8650323484503576,0.7696824125967441,0.8961177723327546,scale_half,7f6d93243a7e47d3a78948198dce6f30,bb4dcd5a4c431b74b20b93b9ff6ea5e6af09e5ea1ebcb52b60595efbdde9d59a
663776,2.488698019308086,985,22,1.1512314565977022,0.6953759265795976,1.1051627142596092,scale_half,7f6d93243a7e47d3a78948198dce6f30,bb4dcd5a4c431b74b20b93b9ff6ea5e6af09e5ea1ebcb52b60595efbdde9d59a
663903,1.4405887907886692,1040,23,0.6663930774690972,0.7067618076792389,0.7642193683777513,scale_half,7f6d93243a7e47d3a78948198dce6f30,bb4dcd5a4c431b74b20b93b9ff6ea5e6af09e5ea1ebcb52b60595efbdde9d59a
664299,2.396764702468072,1172,25,1.1087045909697812,0.7309011537262239,1.0794523109551504,scale_half,7f6d93243a7e47d3a78948198dce6f30,bb4dcd5a4c431b74b20b93b9ff6ea5e6af09e5ea1ebcb52b60595efbdde9d59a
665795,1.0470468792436745,570,14,0.48434695353392054,0.5691462805791313,0.7065179865345329,scale_half,7f6d93243a7e47d3a78948198dce6f30,bb4dcd5a4c431b74b20b93b9ff6ea5e6af09e5ea1ebcb52b60595efbdde9d59a
666129,3.2190859170248856,878,23,1.489097086274869,0.6704849179075983,1.3279322197398509,scale_half,7f6d93243a7e47d3a78948198dce6f30,bb4dcd5a4c431b74b20b93b9ff6ea5e6af09e5ea1ebcb52b60595efbdde9d59a
666142,2.3337026266210668,387,7,1.079533094520563,0.47281612706169823,1.0376045297244447,scale_half,7f6d93243a7e47d3a78948198dce6f30,bb4dcd5a4c431b74b20b93b9ff6ea5e6af09e5ea1ebcb52b60595efbdde9d59a
668881,1.2376806793344022,775,15,0.5725310665329816,0.64235391628678,0.7254136564965277,scale_half,7f6d93243a7e47d3a78948198dce6f30,bb4dcd5a4c431b74b20b93b9ff6ea5e6af09e5ea1ebcb52b60595efbdde9d59a
669194,1.0603670475756168,825,22,0.4905086479909973,0.6565857540787903,0.6654752364445466,scale_half,7f6d93243a7e47d3a78948198dce6f30,bb4dcd5a4c431b74b20b93b9ff6ea5e6af09e5ea1ebcb52b60595efbdde9d59a
669203,1.1705868307073992,1336,26,0.5414945371974196,0.7558698727015559,0.6534295341984455,scale_half,7f6d93243a7e47d3a78948198dce6f30,bb4dcd5a4c431b74b20b93b9ff6ea5e6af09e5ea1ebcb52b60595efbdde9d59a
670912,1.1090153224699157,1293,27,0.5130125532189607,0.7497825456654102,0.6348653124454138,scale_half,7f6d93243a7e47d3a78948198dce6f30,bb4dcd5a4c431b74b20b93b9ff6ea5e6af09e5ea1ebcb52b60595efbdde9d59a
671106,1.1456566905627799,848,18,0.529962257535842,0.662758890191481,0.6884783074563454,scale_half,7f6d93243a7e47d3a78948198dce6f30,bb4dcd5a4c431b74b20b93b9ff6ea5e6af09e5ea1ebcb52b60595efbdde9d59a
675911,0.8577527874966514,1494,27,0.39678256794894246,0.7759023630225915,0.5319621690551649,scale_half,7f6d93243a7e47d3a78948198dce6f30,bb4dcd5a4c431b74b20b93b9ff6ea5e6af09e5ea1ebcb52b60595efbdde9d59a
681857,1.151585570719412,534,12,0.532704861614665,0.553081305023304,0.7415477950307935,scale_half,7f6d93243a7e47d3a78948198dce6f30,bb4dcd5a4c431b74b20b93b9ff6ea5e6af09e5ea1ebcb52b60595efbdde9d59a
502043,2.698529161820125,1339,27,1.2482959497421355,0.6080835603996367,1.150984685152007,proposed,7f6d93243a7e47d3a78948198dce6f30,bb4dcd5a4c431b74b20b93b9ff6ea5e6af09e5ea1ebcb52b60595efbdde9d59a
519242,5.05784035153432,699,15,2.339675151408825,0.4475032010243278,1.5995089185882,proposed,7f6d93243a7e47d3a78948198dce6f30,bb4dcd5a4c431b74b20b93b9ff6ea5e6af09e5ea1ebcb52b60595efbdde9d59a
527048,0.9670061401412221,678,14,0.44732140204105947,0.4399740428293316,0.7568357628707582,proposed,7f6d93243a7e47d3a78948198dce6f30,bb4dcd5a4c431b74b20b93b9ff6ea5e6af09e5ea1ebcb52b60595efbdde9d59a
542881,4.738924444170654,947,20,2.1921498101588948,0.5232044198895027,1.6237380498455654,proposed,7f6d93243a7e47d3a78948198dce6f30,bb4dcd5a4c431b74b20b93b9ff6ea5e6af09e5ea1ebcb52b60595efbdde9d59a
543037,1.2751144269830068,1611,28,0.5898473128180151,0.6511721907841552,0.7329199761316986,proposed,7f6d93243a7e47d3a78948198dce6f30,bb4dcd5a4c431b74b20b93b9ff6ea5e6af09e5ea1ebcb52b60595efbdde9d59a
543294,0.7976414060190314,909,19,0.3689760149964793,0.5129796839729119,0.6762975155935664,proposed,7f6d93243a7e47d3a78948198dce6f30,bb4dcd5a4c431b74b20b93b9ff6ea5e6af09e5ea1ebcb52b60595efbdde9d59a
554430,2.759820542907836,1427,26,1.2766483514313158,0.6231441048034935,1.1723917892980296,proposed,7f6d93243a7e47d3a78948198dce6f30,bb4dcd5a4c431b74b20b93b9ff6ea5e6af09e5ea1ebcb52b60595efbdde9d59a
573186,1.0083825208619661,681,16,0.46646144662514544,0.4410621761658031,0.7646763245801321,proposed,7f6d93243a7e47d3a78948198dce6f30,bb4dcd5a4c431b74b20b93b9ff6ea5e6af09e5ea1ebcb52b60595efbdde9d59a
579328,0.9840802443848813,1247,26,0.45521960654238086,0.5909952606635072,0.6780373693641464,proposed,7f6d93243a7e47d3a78948198dce6f30,bb4dcd5a4c431b74b20b93b9ff6ea5e6af09e5ea1ebcb52b60595efbdde9d59a
592332,2.869687199505473,1302,25,1.327470890013792,0.6013856812933025,1.1969363042946684,proposed,7f6d93243a7e47d3a78948198dce6f30,bb4dcd5a4c431b74b20b93b9ff6ea5e6af09e5ea1ebcb52b60595efbdde9d59a
593958,1.9236195065883246,811,19,0.8898352750427789,0.48446833930704897,0.9466286786497573,proposed,7f6d93243a7e47d3a78948198dce6f30,bb4dcd5a4c431b74b20b93b9ff6ea5e6af09e5ea1ebcb52b60595efbdde9d59a
594902,1.0371310022980782,228,7,0.47976002921809047,0.20898258478460127,0.8912789061977311,proposed,7f6d93243a7e47d3a78948198dce6f30,bb4dcd5a4c431b74b20b93b9ff6ea5e6af09e5ea1ebcb52b60595efbdde9d59a
605397,0.9381857562915679,694,12,0.43398955855441307,0.44572896596017986,0.7477127512117936,proposed,7f6d93243a7e47d3a78948198dce6f30,bb4dcd5a4c431b74b20b93b9ff6ea5e6af09e5ea1ebcb52b60595efbdde9d59a
605400,1.0525414726782127,1447,26,0.48688866359837196,0.6264069264069264,0.6785835048601057,proposed,7f6d93243a7e47d3a78948198dce6f30,bb4dcd5a4c431b74b20b93b9ff6ea5e6af09e5ea1ebcb52b60595efbdde9d59a
607536,2.196839955395303,894,23,1.0162226361496862,0.5088218554354013,1.0082544318257367,proposed,7f6d93243a7e47d3a78948198dce6f30,bb4dcd5a4c431b74b20b93b9ff6ea5e6af09e5ea1ebcb52b60595efbdde9d59a
622663,2.0790282202874484,534,12,0.9617248327359051,0.3822476735862563,0.9853694063571748,proposed,7f6d93243a7e47d3a78948198dce6f30,bb4dcd5a4c431b74b20b93b9ff6ea5e6af09e5ea1ebcb52b60595efbdde9d59a
640455,2.6981163909969648,194,5,1.2481050086346563,0.18353831598864712,1.0455367754731535,proposed,7f6d93243a7e47d3a78948198dce6f30,bb4dcd5a4c431b74b20b93b9ff6ea5e6af09e5ea1ebcb52b60595efbdde9d59a
641482,1.164518102505002,294,7,0.5386872416742433,0.2541054451166811,0.8827779162076297,proposed,7f6d93243a7e47d3a78948198dce6f30,bb4dcd5a4c431b74b20b93b9ff6ea5e6af09e5ea1ebcb52b60595efbdde9d59a
641540,3.511230847854603,820,20,1.6242386067194574,0.48722519310754603,1.3041447757040732,proposed,7f6d93243a7e47d3a78948198dce6f30,bb4dcd5a4c431b74b20b93b9ff6ea5e6af09e5ea1ebcb52b60595efbdde9d59a
650644,1.0238123037212392,700,16,0.4735990146459557,0.44785668586052463,0.7642477992656231,proposed,7f6d93243a7e47d3a78948198dce6f30,bb4dcd5a4c431b74b20b93b9ff6ea5e6af09e5ea1ebcb52b60595efbdde9d59a
650911,1.0832022213547083,602,12,0.5010718300916018,0.4109215017064846,0.7949796871775728,proposed,7f6d93243a7e47d3a78948198dce6f30,bb4dcd5a4c431b74b20b93b9ff6ea5e6af09e5ea1ebcb52b60595efbdde9d59a
656302,0.9777481747357419,1490,28,0.45229049352469003,0.6332341691457714,0.6531716257338667,proposed,7f6d93243a7e47d3a78948198dce6f30,bb4dcd5a4c431b74b20b93b9ff6ea5e6af09e5ea1ebcb52b60595efbdde9d59a
656427,1.442184271219371,1068,22,0.6671311209142881,0.553081305023304,0.81589644595363,proposed,7f6d93243a7e47d3a78948198dce6f30,bb4dcd5a4c431b74b20b93b9ff6ea5e6af09e5ea1ebcb52b60595efbdde9d59a
656849,4.994735196294575,652,16,2.310483727129203,0.4303630363036304,1.563983755833822,proposed,7f6d93243a7e47d3a78948198dce6f30,bb4dcd5a4c431b74b20b93b9ff6ea5e6af09e5ea1ebcb52b60595efbdde9d59a
657277,1.8700012754933995,1442,26,0.8650323484503576,0.6255965292841649,0.9155647056249092,proposed,7f6d93243a7e47d3a78948198dce6f30,bb4dcd5a4c431b74b20b93b9ff6ea5e6af09e5ea1ebcb52b60595efbdde9d59a
663776,2.488698019308086,985,22,1.1512314565977022,0.533008658008658,1.0806076757298357,proposed,7f6d93243a7e47d3a78948198dce6f30,bb4dcd5a4c431b74b20b93b9ff6ea5e6af09e5ea1ebcb52b60595efbdde9d59a
663903,1.4405887907886692,1040,23,0.6663930774690972,0.5465055176037835,0.8176819761260437,proposed,7f6d93243a7e47d3a78948198dce6f30,bb4dcd5a4c431b74b20b93b9ff6ea5e6af09e5ea1ebcb52b60595efbdde9d59a
664299,2.396764702468072,1172,25,1.1087045909697812,0.5759213759213759,1.0626052976002867,proposed,7f6d93243a7e47d3a78948198dce6f30,bb4dcd5a4c431b74b20b93b9ff6ea5e6af09e5ea1ebcb52b60595efbdde9d59a
665795,1.0470468792436745,570,14,0.48434695353392054,0.39776692254012563,0.7948902746087472,proposed,7f6d93243a7e47d3a78948198dce6f30,bb4dcd5a4c431b74b20b93b9ff6ea5e6af09e5ea1ebcb52b60595efbdde9d59a
666129,3.2190859170248856,878,23,1.489097086274869,0.5043078690407812,1.2466555093333342,proposed,7f6d93243a7e47d3a78948198dce6f30,bb4dcd5a4c431b74b20b93b9ff6ea5e6af09e5ea1ebcb52b60595efbdde9d59a
666142,2.3337026266210668,387,7,1.079533094520563,0.3096,1.0246234460635664,proposed,7f6d93243a7e47d3a78948198dce6f30,bb4dcd5a4c431b74b20b93b9ff6ea5e6af09e5ea1ebcb52b60595efbdde9d59a
668881,1.2376806793344022,775,15,0.5725310665329816,0.4731379731379731,0.7977482152399638,proposed,7f6d93243a7e47d3a78948198dce6f30,bb4dcd5a4c431b74b20b93b9ff6ea5e6af09e5ea1ebcb52b60595efbdde9d59a
669194,1.0603670475756168,825,22,0.4905086479909973,0.4887440758293839,0.7509891200192966,proposed,7f6d93243a7e47d3a78948198dce6f30,bb4dcd5a4c431b74b20b93b9ff6ea5e6af09e5ea1ebcb52b60595efbdde9d59a
669203,1.1705868307073992,1336,26,0.5414945371974196,0.6075488858572078,0.7214355169148489,proposed,7f6d93243a7e47d3a78948198dce6f30,bb4dcd5a4c431b74b20b93b9ff6ea5e6af09e5ea1ebcb52b60595efbdde9d59a
670912,1.1090153224699157,1293,27,0.5130125532189607,0.599721706864564,0.7079430571948591,proposed,7f6d93243a7e47d3a78948198dce6f30,bb4dcd5a4c431b74b20b93b9ff6ea5e6af09e5ea1ebcb52b60595efbdde9d59a
671106,1.1456566905627799,848,18,0.529962257535842,0.49561659848042083,0.767041492922498,proposed,7f6d93243a7e47d3a78948198dce6f30,bb4dcd5a4c431b74b20b93b9ff6ea5e6af09e5ea1ebcb52b60595efbdde9d59a
675911,0.8577527874966514,1494,27,0.39678256794894246,0.6338565973695376,0.6176466510461265,proposed,7f6d93243a7e47d3a78948198dce6f30,bb4dcd5a4c431b74b20b93b9ff6ea5e6af09e5ea1ebcb52b60595efbdde9d59a
681857,1.151585570719412,534,12,0.532704861614665,0.3822476735862563,0.821377520474038,proposed,7f6d93243a7e47d3a78948198dce6f30,bb4dcd5a4c431b74b20b93b9ff6ea5e6af09e5ea1ebcb52b60595efbdde9d59a
502043,2.698529161820125,1339,27,1.2482959497421355,0.43686786296900487,1.1084725209477062,scale_double,7f6d93243a7e47d3a78948198dce6f30,bb4dcd5a4c431b74b20b93b9ff6ea5e6af09e5ea1ebcb52b60595efbdde9d59a
519242,5.05784035153432,699,15,2.339675151408825,0.28824742268041237,1.3861579096225851,scale_double,7f6d93243a7e47d3a78948198dce6f30,bb4dcd5a4c431b74b20b93b9ff6ea5e6af09e5ea1ebcb52b60595efbdde9d59a
527048,0.9670061401412221,678,14,0.44732140204105947,0.2820299500831947,0.84412808260559,scale_double,7f6d93243a7e47d3a78948198dce6f30,bb4dcd5a4c431b74b20b93b9ff6ea5e6af09e5ea1ebcb52b60595efbdde9d59a
542881,4.738924444170654,947,20,2.1921498101588948,0.3542835765057987,1.4223590984738022,scale_double,7f6d93243a7e47d3a78948198dce6f30,bb4dcd5a4c431b74b20b93b9ff6ea5e6af09e5ea1ebcb52b60595efbdde9d59a
543037,1.2751144269830068,1611,28,0.5898473128180151,0.4827689541504345,0.8019910161671628,scale_double,7f6d93243a7e47d3a78948198dce6f30,bb4dcd5a4c431b74b20b93b9ff6ea5e6af09e5ea1ebcb52b60595efbdde9d59a
543294,0.7976414060190314,909,19,0.3689760149964793,0.34497153700189753,0.7823146860082731,scale_double,7f6d93243a7e47d3a78948198dce6f30,bb4dcd5a4c431b74b20b93b9ff6ea5e6af09e5ea1ebcb52b60595efbdde9d59a
554430,2.759820542907836,1427,26,1.2766483514313158,0.4525848398350777,1.1252068498231802,scale_double,7f6d93243a7e47d3a78948198dce6f30,bb4dcd5a4c431b74b20b93b9ff6ea5e6af09e5ea1ebcb52b60595efbdde9d59a
573186,1.0083825208619661,681,16,0.46646144662514544,0.2829248026589115,0.8490487100754982,scale_double,7f6d93243a7e47d3a78948198dce6f30,bb4dcd5a4c431b74b20b93b9ff6ea5e6af09e5ea1ebcb52b60595efbdde9d59a
579328,0.9840802443848813,1247,26,0.45521960654238086,0.41944164143962326,0.7714964175440124,scale_double,7f6d93243a7e47d3a78948198dce6f30,bb4dcd5a4c431b74b20b93b9ff6ea5e6af09e5ea1ebcb52b60595efbdde9d59a
592332,2.869687199505473,1302,25,1.327470890013792,0.4299867899603699,1.1408081568024957,scale_double,7f6d93243a7e47d3a78948198dce6f30,bb4dcd5a4c431b74b20b93b9ff6ea5e6af09e5ea1ebcb52b60595efbdde9d59a
593958,1.9236195065883246,811,19,0.8898352750427789,0.31966890027591643,0.9647837635237264,scale_double,7f6d93243a7e47d3a78948198dce6f30,bb4dcd5a4c431b74b20b93b9ff6ea5e6af09e5ea1ebcb52b60595efbdde9d59a
594902,1.0371310022980782,228,7,0.47976002921809047,0.11668372569089049,0.9392964619558468,scale_double,7f6d93243a7e47d3a78948198dce6f30,bb4dcd5a4c431b74b20b93b9ff6ea5e6af09e5ea1ebcb52b60595efbdde9d59a
605397,0.9381857562915679,694,12,0.43398955855441307,0.28677685950413223,0.837681303155687,scale_double,7f6d93243a7e47d3a78948198dce6f30,bb4dcd5a4c431b74b20b93b9ff6ea5e6af09e5ea1ebcb52b60595efbdde9d59a
605400,1.0525414726782127,1447,26,0.48688866359837196,0.4560352978254018,0.7660031188864935,scale_double,7f6d93243a7e47d3a78948198dce6f30,bb4dcd5a4c431b74b20b93b9ff6ea5e6af09e5ea1ebcb52b60595efbdde9d59a
607536,2.196839955395303,894,23,1.0162226361496862,0.34122137404580155,1.005535510197641,scale_double,7f6d93243a7e47d3a78948198dce6f30,bb4dcd5a4c431b74b20b93b9ff6ea5e6af09e5ea1ebcb52b60595efbdde9d59a
622663,2.0790282202874484,534,12,0.9617248327359051,0.23628318584070795,0.9909562215402536,scale_double,7f6d93243a7e47d3a78948198dce6f30,bb4dcd5a4c431b74b20b93b9ff6ea5e6af09e5ea1ebcb52b60595efbdde9d59a
640455,2.6981163909969648,194,5,1.2481050086346563,0.10104166666666667,1.0250689435807934,scale_double,7f6d93243a7e47d3a78948198dce6f30,bb4dcd5a4c431b74b20b93b9ff6ea5e6af09e5ea1ebcb52b60595efbdde9d59a
641482,1.164518102505002,294,7,0.5386872416742433,0.14554455445544554,0.9328584401248651,scale_double,7f6d93243a7e47d3a78948198dce6f30,bb4dcd5a4c431b74b20b93b9ff6ea5e6af09e5ea1ebcb52b60595efbdde9d59a
641540,3.511230847854603,820,20,1.6242386067194574,0.3220738413197172,1.2010509259662039,scale_double,7f6d93243a7e47d3a78948198dce6f30,bb4dcd5a4c431b74b20b93b9ff6ea5e6af09e5ea1ebcb52b60595efbdde9d59a
650644,1.0238123037212392,700,16,0.4735990146459557,0.2885408079142622,0.8481118343990803,scale_double,7f6d93243a7e47d3a78948198dce6f30,bb4dcd5a4c431b74b20b93b9ff6ea5e6af09e5ea1ebcb52b60595efbdde9d59a
650911,1.0832022213547083,602,12,0.5010718300916018,0.25859106529209624,0.8709816330391513,scale_double,7f6d93243a7e47d3a78948198dce6f30,bb4dcd5a4c431b74b20b93b9ff6ea5e6af09e5ea1ebcb52b60595efbdde9d59a
656302,0.9777481747357419,1490,28,0.45229049352469003,0.4633084577114428,0.7462415532810287,scale_double,7f6d93243a7e47d3a78948198dce6f30,bb4dcd5a4c431b74b20b93b9ff6ea5e6af09e5ea1ebcb52b60595efbdde9d59a
656427,1.442184271219371,1068,22,0.6671311209142881,0.3822476735862563,0.8727616453602217,scale_double,7f6d93243a7e47d3a78948198dce6f30,bb4dcd5a4c431b74b20b93b9ff6ea5e6af09e5ea1ebcb52b60595efbdde9d59a
656849,4.994735196294575,652,16,2.310483727129203,0.27417998317914216,1.3593084062608245,scale_double,7f6d93243a7e47d3a78948198dce6f30,bb4dcd5a4c431b74b20b93b9ff6ea5e6af09e5ea1ebcb52b60595efbdde9d59a
657277,1.8700012754933995,1442,26,0.8650323484503576,0.4551767676767677,0.9385658606267094,scale_double,7f6d93243a7e47d3a78948198dce6f30,bb4dcd5a4c431b74b20b93b9ff6ea5e6af09e5ea1ebcb52b60595efbdde9d59a
663776,2.488698019308086,985,22,1.1512314565977022,0.3633345628919218,1.0549476151784347,scale_double,7f6d93243a7e47d3a78948198dce6f30,bb4dcd5a4c431b74b20b93b9ff6ea5e6af09e5ea1ebcb52b60595efbdde9d59a
663903,1.4405887907886692,1040,23,0.6663930774690972,0.3759942154736081,0.8745657268864284,scale_double,7f6d93243a7e47d3a78948198dce6f30,bb4dcd5a4c431b74b20b93b9ff6ea5e6af09e5ea1ebcb52b60595efbdde9d59a
664299,2.396764702468072,1172,25,1.1087045909697812,0.4044168391994479,1.0439619670864677,scale_double,7f6d93243a7e47d3a78948198dce6f30,bb4dcd5a4c431b74b20b93b9ff6ea5e6af09e5ea1ebcb52b60595efbdde9d59a
665795,1.0470468792436745,570,14,0.48434695353392054,0.24825783972125434,0.8719850886386475,scale_double,7f6d93243a7e47d3a78948198dce6f30,bb4dcd5a4c431b74b20b93b9ff6ea5e6af09e5ea1ebcb52b60595efbdde9d59a
666129,3.2190859170248856,878,23,1.489097086274869,0.337173579109063,1.1649106151111117,scale_double,7f6d93243a7e47d3a78948198dce6f30,bb4dcd5a4c431b74b20b93b9ff6ea5e6af09e5ea1ebcb52b60595efbdde9d59a
666142,2.3337026266210668,387,7,1.079533094520563,0.18315191670610506,1.014566638703009,scale_double,7f6d93243a7e47d3a78948198dce6f30,bb4dcd5a4c431b74b20b93b9ff6ea5e6af09e5ea1ebcb52b60595efbdde9d59a
668881,1.2376806793344022,775,15,0.5725310665329816,0.30987604958016796,0.8675376155789927,scale_double,7f6d93243a7e47d3a78948198dce6f30,bb4dcd5a4c431b74b20b93b9ff6ea5e6af09e5ea1ebcb52b60595efbdde9d59a
669194,1.0603670475756168,825,22,0.4905086479909973,0.32340258722069776,0.8352291785937173,scale_double,7f6d93243a7e47d3a78948198dce6f30,bb4dcd5a4c431b74b20b93b9ff6ea5e6af09e5ea1ebcb52b60595efbdde9d59a
669203,1.1705868307073992,1336,26,0.5414945371974196,0.4363161332462443,0.7999466693976984,scale_double,7f6d93243a7e47d3a78948198dce6f30,bb4dcd5a4c431b74b20b93b9ff6ea5e6af09e5ea1ebcb52b60595efbdde9d59a
670912,1.1090153224699157,1293,27,0.5130125532189607,0.42828751242133156,0.791429357837733,scale_double,7f6d93243a7e47d3a78948198dce6f30,bb4dcd5a4c431b74b20b93b9ff6ea5e6af09e5ea1ebcb52b60595efbdde9d59a
671106,1.1456566905627799,848,18,0.529962257535842,0.32944832944832947,0.8451468509675191,scale_double,7f6d93243a7e47d3a78948198dce6f30,bb4dcd5a4c431b74b20b93b9ff6ea5e6af09e5ea1ebcb52b60595efbdde9d59a
675911,0.8577527874966514,1494,27,0.39678256794894246,0.4639751552795031,0.7201220982968075,scale_double,7f6d93243a7e47d3a78948198dce6f30,bb4dcd5a4c431b74b20b93b9ff6ea5e6af09e5ea1ebcb52b60595efbdde9d59a
681857,1.151585570719412,534,12,0.532704861614665,0.23628318584070795,0.8895860159744385,scale_double,7f6d93243a7e47d3a78948198dce6f30,bb4dcd5a4c431b74b20b93b9ff6ea5e6af09e5ea1ebcb52b60595efbdde9d59a
