game_pk,pitcher,warning_pitch,warning_pa,game_date,dataset_split,actual_data_source,is_evaluable_warning,episode_id,onset_pitch,onset_pa,lead_time_pitches,lead_time_pas,model_key,run_id,protocol_sha256
744838,640455,79,23,2024-07-02,assessment,mlb_statcast,True,1,84,25,5,2,global,7f6d93243a7e47d3a78948198dce6f30,bb4dcd5a4c431b74b20b93b9ff6ea5e6af09e5ea1ebcb52b60595efbdde9d59a
744882,592332,99,30,2024-09-13,assessment,mlb_statcast,True,3,101,31,2,1,global,7f6d93243a7e47d3a78948198dce6f30,bb4dcd5a4c431b74b20b93b9ff6ea5e6af09e5ea1ebcb52b60595efbdde9d59a
744884,502043,73,18,2024-09-14,assessment,mlb_statcast,True,3,81,21,8,3,global,7f6d93243a7e47d3a78948198dce6f30,bb4dcd5a4c431b74b20b93b9ff6ea5e6af09e5ea1ebcb52b60595efbdde9d59a
744887,650911,67,18,2024-09-04,assessment,mlb_statcast,True,2,82,24,15,6,global,7f6d93243a7e47d3a78948198dce6f30,bb4dcd5a4c431b74b20b93b9ff6ea5e6af09e5ea1ebcb52b60595efbdde9d59a
744908,592332,96,30,2024-07-27,assessment,mlb_statcast,True,3,108,33,12,3,global,7f6d93243a7e47d3a78948198dce6f30,bb4dcd5a4c431b74b20b93b9ff6ea5e6af09e5ea1ebcb52b60595efbdde9d59a
744910,579328,86,22,2024-07-20,assessment,mlb_statcast,True,2,88,23,2,1,global,7f6d93243a7e47d3a78948198dce6f30,bb4dcd5a4c431b74b20b93b9ff6ea5e6af09e5ea1ebcb52b60595efbdde9d59a
744911,656427,88,20,2024-07-19,assessment,mlb_statcast,True,2,90,21,2,1,global,7f6d93243a7e47d3a78948198dce6f30,bb4dcd5a4c431b74b20b93b9ff6ea5e6af09e5ea1ebcb52b60595efbdde9d59a
744981,579328,77,20,2024-08-07,assessment,mlb_statcast,True,3,85,21,8,1,global,7f6d93243a7e47d3a78948198dce6f30,bb4dcd5a4c431b74b20b93b9ff6ea5e6af09e5ea1ebcb52b60595efbdde9d59a
745054,669194,68,18,2024-08-16,assessment,mlb_statcast,True,2,79,21,11,3,global,7f6d93243a7e47d3a78948198dce6f30,bb4dcd5a4c431b74b20b93b9ff6ea5e6af09e5ea1ebcb52b60595efbdde9d59a
745056,669203,65,17,2024-08-10,assessment,mlb_statcast,True,3,76,20,11,3,global,7f6d93243a7e47d3a78948198dce6f30,bb4dcd5a4c431b74b20b93b9ff6ea5e6af09e5ea1ebcb52b60595efbdde9d59a
745063,668881,72,18,2024-07-28,assessment,mlb_statcast,True,2,79,21,7,3,global,7f6d93243a7e47d3a78948198dce6f30,bb4dcd5a4c431b74b20b93b9ff6ea5e6af09e5ea1ebcb52b60595efbdde9d59a
745065,641482,89,21,2024-07-11,assessment,mlb_statcast,True,3,90,22,1,1,global,7f6d93243a7e47d3a78948198dce6f30,bb4dcd5a4c431b74b20b93b9ff6ea5e6af09e5ea1ebcb52b60595efbdde9d59a
745135,650633,89,20,2024-08-29,assessment,mlb_statcast,True,3,101,23,12,3,global,7f6d93243a7e47d3a78948198dce6f30,bb4dcd5a4c431b74b20b93b9ff6ea5e6af09e5ea1ebcb52b60595efbdde9d59a
745150,502043,77,21,2024-07-27,assessment,mlb_statcast,True,5,81,22,4,1,global,7f6d93243a7e47d3a78948198dce6f30,bb4dcd5a4c431b74b20b93b9ff6ea5e6af09e5ea1ebcb52b60595efbdde9d59a
745222,554430,67,19,2024-08-04,assessment,mlb_statcast,True,2,76,22,9,3,global,7f6d93243a7e47d3a78948198dce6f30,bb4dcd5a4c431b74b20b93b9ff6ea5e6af09e5ea1ebcb52b60595efbdde9d59a
745304,657277,42,14,2024-08-10,assessment,mlb_statcast,True,1,46,15,4,1,global,7f6d93243a7e47d3a78948198dce6f30,bb4dcd5a4c431b74b20b93b9ff6ea5e6af09e5ea1ebcb52b60595efbdde9d59a
745391,656302,84,20,2024-07-07,assessment,mlb_statcast,True,3,99,25,15,5,global,7f6d93243a7e47d3a78948198dce6f30,bb4dcd5a4c431b74b20b93b9ff6ea5e6af09e5ea1ebcb52b60595efbdde9d59a
745447,679525,85,20,2024-09-13,assessment,mlb_statcast,True,3,95,23,10,3,global,7f6d93243a7e47d3a78948198dce6f30,bb4dcd5a4c431b74b20b93b9ff6ea5e6af09e5ea1ebcb52b60595efbdde9d59a
745479,622663,72,24,2024-07-05,assessment,mlb_statcast,True,5,87,27,15,3,global,7f6d93243a7e47d3a78948198dce6f30,bb4dcd5a4c431b74b20b93b9ff6ea5e6af09e5ea1ebcb52b60595efbdde9d59a
745481,527048,68,18,2024-07-19,assessment,mlb_statcast,True,4,73,20,5,2,global,7f6d93243a7e47d3a78948198dce6f30,bb4dcd5a4c431b74b20b93b9ff6ea5e6af09e5ea1ebcb52b60595efbdde9d59a
745529,605400,83,20,2024-09-13,assessment,mlb_statcast,True,3,85,21,2,1,global,7f6d93243a7e47d3a78948198dce6f30,bb4dcd5a4c431b74b20b93b9ff6ea5e6af09e5ea1ebcb52b60595efbdde9d59a
745544,665795,77,18,2024-08-14,assessment,mlb_statcast,True,3,78,19,1,1,global,7f6d93243a7e47d3a78948198dce6f30,bb4dcd5a4c431b74b20b93b9ff6ea5e6af09e5ea1ebcb52b60595efbdde9d59a
745705,543037,83,20,2024-08-22,assessment,mlb_statcast,True,4,89,22,6,2,global,7f6d93243a7e47d3a78948198dce6f30,bb4dcd5a4c431b74b20b93b9ff6ea5e6af09e5ea1ebcb52b60595efbdde9d59a
745706,573186,93,21,2024-08-25,assessment,mlb_statcast,True,5,96,22,3,1,global,7f6d93243a7e47d3a78948198dce6f30,bb4dcd5a4c431b74b20b93b9ff6ea5e6af09e5ea1ebcb52b60595efbdde9d59a
745720,641482,83,20,2024-07-20,assessment,mlb_statcast,True,3,91,22,8,2,global,7f6d93243a7e47d3a78948198dce6f30,bb4dcd5a4c431b74b20b93b9ff6ea5e6af09e5ea1ebcb52b60595efbdde9d59a
745770,650911,86,20,2024-09-20,assessment,mlb_statcast,True,2,91,21,5,1,global,7f6d93243a7e47d3a78948198dce6f30,bb4dcd5a4c431b74b20b93b9ff6ea5e6af09e5ea1ebcb52b60595efbdde9d59a
745780,656849,85,22,2024-08-19,assessment,mlb_statcast,True,3,98,26,13,4,global,7f6d93243a7e47d3a78948198dce6f30,bb4dcd5a4c431b74b20b93b9ff6ea5e6af09e5ea1ebcb52b60595efbdde9d59a
745781,640455,61,15,2024-08-21,assessment,mlb_statcast,True,1,74,19,13,4,global,7f6d93243a7e47d3a78948198dce6f30,bb4dcd5a4c431b74b20b93b9ff6ea5e6af09e5ea1ebcb52b60595efbdde9d59a
745785,622663,91,27,2024-08-17,assessment,mlb_statcast,True,3,98,29,7,2,global,7f6d93243a7e47d3a78948198dce6f30,bb4dcd5a4c431b74b20b93b9ff6ea5e6af09e5ea1ebcb52b60595efbdde9d59a
745794,622663,82,21,2024-07-25,assessment,mlb_statcast,True,4,93,23,11,2,global,7f6d93243a7e47d3a78948198dce6f30,bb4dcd5a4c431b74b20b93b9ff6ea5e6af09e5ea1ebcb52b60595efbdde9d59a
745877,605400,73,22,2024-07-24,assessment,mlb_statcast,True,3,80,24,7,2,global,7f6d93243a7e47d3a78948198dce6f30,bb4dcd5a4c431b74b20b93b9ff6ea5e6af09e5ea1ebcb52b60595efbdde9d59a
745932,656849,52,14,2024-09-29,assessment,mlb_statcast,True,1,63,17,11,3,global,7f6d93243a7e47d3a78948198dce6f30,bb4dcd5a4c431b74b20b93b9ff6ea5e6af09e5ea1ebcb52b60595efbdde9d59a
745936,650644,81,18,2024-09-21,assessment,mlb_statcast,True,3,83,19,2,1,global,7f6d93243a7e47d3a78948198dce6f30,bb4dcd5a4c431b74b20b93b9ff6ea5e6af09e5ea1ebcb52b60595efbdde9d59a
745967,650644,86,26,2024-07-11,assessment,mlb_statcast,True,3,96,28,10,2,global,7f6d93243a7e47d3a78948198dce6f30,bb4dcd5a4c431b74b20b93b9ff6ea5e6af09e5ea1ebcb52b60595efbdde9d59a
746011,656427,79,20,2024-09-19,assessment,mlb_statcast,True,3,80,21,1,1,global,7f6d93243a7e47d3a78948198dce6f30,bb4dcd5a4c431b74b20b93b9ff6ea5e6af09e5ea1ebcb52b60595efbdde9d59a
746017,665795,88,22,2024-09-08,assessment,mlb_statcast,True,3,90,23,2,1,global,7f6d93243a7e47d3a78948198dce6f30,bb4dcd5a4c431b74b20b93b9ff6ea5e6af09e5ea1ebcb52b60595efbdde9d59a
746018,605400,75,17,2024-09-07,assessment,mlb_statcast,True,3,84,20,9,3,global,7f6d93243a7e47d3a78948198dce6f30,bb4dcd5a4c431b74b20b93b9ff6ea5e6af09e5ea1ebcb52b60595efbdde9d59a
746029,665795,82,22,2024-08-20,assessment,mlb_statcast,True,5,83,23,1,1,global,7f6d93243a7e47d3a78948198dce6f30,bb4dcd5a4c431b74b20b93b9ff6ea5e6af09e5ea1ebcb52b60595efbdde9d59a
746041,622663,76,22,2024-07-20,assessment,mlb_statcast,True,1,83,24,7,2,global,7f6d93243a7e47d3a78948198dce6f30,bb4dcd5a4c431b74b20b93b9ff6ea5e6af09e5ea1ebcb52b60595efbdde9d59a
746101,543294,83,20,2024-09-09,assessment,mlb_statcast,True,2,85,21,2,1,global,7f6d93243a7e47d3a78948198dce6f30,bb4dcd5a4c431b74b20b93b9ff6ea5e6af09e5ea1ebcb52b60595efbdde9d59a
746110,656427,82,20,2024-08-21,assessment,mlb_statcast,True,3,87,22,5,2,global,7f6d93243a7e47d3a78948198dce6f30,bb4dcd5a4c431b74b20b93b9ff6ea5e6af09e5ea1ebcb52b60595efbdde9d59a
746198,607536,82,24,2024-07-31,assessment,mlb_statcast,True,3,85,25,3,1,global,7f6d93243a7e47d3a78948198dce6f30,bb4dcd5a4c431b74b20b93b9ff6ea5e6af09e5ea1ebcb52b60595efbdde9d59a
746259,679525,75,18,2024-09-07,assessment,mlb_statcast,True,2,82,20,7,2,global,7f6d93243a7e47d3a78948198dce6f30,bb4dcd5a4c431b74b20b93b9ff6ea5e6af09e5ea1ebcb52b60595efbdde9d59a
746261,666142,88,22,2024-09-17,assessment,mlb_statcast,True,4,97,26,9,4,global,7f6d93243a7e47d3a78948198dce6f30,bb4dcd5a4c431b74b20b93b9ff6ea5e6af09e5ea1ebcb52b60595efbdde9d59a
746262,594902,73,18,2024-09-04,assessment,mlb_statcast,True,5,75,19,2,1,global,7f6d93243a7e47d3a78948198dce6f30,bb4dcd5a4c431b74b20b93b9ff6ea5e6af09e5ea1ebcb52b60595efbdde9d59a
746266,542881,74,25,2024-08-20,assessment,mlb_statcast,True,3,87,28,13,3,global,7f6d93243a7e47d3a78948198dce6f30,bb4dcd5a4c431b74b20b93b9ff6ea5e6af09e5ea1ebcb52b60595efbdde9d59a
746266,666142,78,18,2024-08-20,assessment,mlb_statcast,True,1,92,21,14,3,global,7f6d93243a7e47d3a78948198dce6f30,bb4dcd5a4c431b74b20b93b9ff6ea5e6af09e5ea1ebcb52b60595efbdde9d59a
746272,666142,100,26,2024-08-07,assessment,mlb_statcast,True,2,104,27,4,1,global,7f6d93243a7e47d3a78948198dce6f30,bb4dcd5a4c431b74b20b93b9ff6ea5e6af09e5ea1ebcb52b60595efbdde9d59a
746276,663903,90,25,2024-08-05,assessment,mlb_statcast,True,5,102,27,12,2,global,7f6d93243a7e47d3a78948198dce6f30,bb4dcd5a4c431b74b20b93b9ff6ea5e6af09e5ea1ebcb52b60595efbdde9d59a
746286,663903,86,24,2024-07-20,assessment,mlb_statcast,True,3,89,26,3,2,global,7f6d93243a7e47d3a78948198dce6f30,bb4dcd5a4c431b74b20b93b9ff6ea5e6af09e5ea1ebcb52b60595efbdde9d59a
746347,679525,65,17,2024-09-01,assessment,mlb_statcast,True,3,69,19,4,2,global,7f6d93243a7e47d3a78948198dce6f30,bb4dcd5a4c431b74b20b93b9ff6ea5e6af09e5ea1ebcb52b60595efbdde9d59a
746348,579328,92,23,2024-08-31,assessment,mlb_statcast,True,2,95,25,3,2,global,7f6d93243a7e47d3a78948198dce6f30,bb4dcd5a4c431b74b20b93b9ff6ea5e6af09e5ea1ebcb52b60595efbdde9d59a
746348,666142,79,19,2024-08-31,assessment,mlb_statcast,True,1,80,20,1,1,global,7f6d93243a7e47d3a78948198dce6f30,bb4dcd5a4c431b74b20b93b9ff6ea5e6af09e5ea1ebcb52b60595efbdde9d59a
746351,579328,84,22,2024-08-19,assessment,mlb_statcast,True,3,88,24,4,2,global,7f6d93243a7e47d3a78948198dce6f30,bb4dcd5a4c431b74b20b93b9ff6ea5e6af09e5ea1ebcb52b60595efbdde9d59a
746438,543037,75,18,2024-08-16,assessment,mlb_statcast,True,1,90,22,15,4,global,7f6d93243a7e47d3a78948198dce6f30,bb4dcd5a4c431b74b20b93b9ff6ea5e6af09e5ea1ebcb52b60595efbdde9d59a
746512,607536,61,17,2024-08-28,assessment,mlb_statcast,True,2,72,20,11,3,global,7f6d93243a7e47d3a78948198dce6f30,bb4dcd5a4c431b74b20b93b9ff6ea5e6af09e5ea1ebcb52b60595efbdde9d59a
746513,665795,68,16,2024-08-26,assessment,mlb_statcast,True,1,70,17,2,1,global,7f6d93243a7e47d3a78948198dce6f30,bb4dcd5a4c431b74b20b93b9ff6ea5e6af09e5ea1ebcb52b60595efbdde9d59a
746606,669203,81,20,2024-08-04,assessment,mlb_statcast,True,3,85,22,4,2,global,7f6d93243a7e47d3a78948198dce6f30,bb4dcd5a4c431b74b20b93b9ff6ea5e6af09e5ea1ebcb52b60595efbdde9d59a
746677,502043,76,17,2024-08-14,assessment,mlb_statcast,True,4,79,19,3,2,global,7f6d93243a7e47d3a78948198dce6f30,bb4dcd5a4c431b74b20b93b9ff6ea5e6af09e5ea1ebcb52b60595efbdde9d59a
746689,607536,79,24,2024-07-10,assessment,mlb_statcast,True,1,88,27,9,3,global,7f6d93243a7e47d3a78948198dce6f30,bb4dcd5a4c431b74b20b93b9ff6ea5e6af09e5ea1ebcb52b60595efbdde9d59a
746920,669194,86,22,2024-08-23,assessment,mlb_statcast,True,3,90,23,4,1,global,7f6d93243a7e47d3a78948198dce6f30,bb4dcd5a4c431b74b20b93b9ff6ea5e6af09e5ea1ebcb52b60595efbdde9d59a
747005,669203,74,22,2024-07-30,assessment,mlb_statcast,True,2,76,23,2,1,global,7f6d93243a7e47d3a78948198dce6f30,bb4dcd5a4c431b74b20b93b9ff6ea5e6af09e5ea1ebcb52b60595efbdde9d59a
747012,543037,82,19,2024-07-12,assessment,mlb_statcast,True,2,95,22,13,3,global,7f6d93243a7e47d3a78948198dce6f30,bb4dcd5a4c431b74b20b93b9ff6ea5e6af09e5ea1ebcb52b60595efbdde9d59a
747161,622663,73,17,2024-08-28,assessment,mlb_statcast,True,3,81,19,8,2,global,7f6d93243a7e47d3a78948198dce6f30,bb4dcd5a4c431b74b20b93b9ff6ea5e6af09e5ea1ebcb52b60595efbdde9d59a
747162,640455,85,20,2024-08-27,assessment,mlb_statcast,True,1,89,22,4,2,global,7f6d93243a7e47d3a78948198dce6f30,bb4dcd5a4c431b74b20b93b9ff6ea5e6af09e5ea1ebcb52b60595efbdde9d59a
744881,640455,103,26,2024-09-11,assessment,mlb_statcast,True,2,106,27,3,1,scale_half,7f6d93243a7e47d3a78948198dce6f30,bb4dcd5a4c431b74b20b93b9ff6ea5e6af09e5ea1ebcb52b60595efbdde9d59a
744911,656427,81,19,2024-07-19,assessment,mlb_statcast,True,2,90,21,9,2,scale_half,7f6d93243a7e47d3a78948198dce6f30,bb4dcd5a4c431b74b20b93b9ff6ea5e6af09e5ea1ebcb52b60595efbdde9d59a
745048,656302,73,18,2024-09-01,assessment,mlb_statcast,True,1,75,19,2,1,scale_half,7f6d93243a7e47d3a78948198dce6f30,bb4dcd5a4c431b74b20b93b9ff6ea5e6af09e5ea1ebcb52b60595efbdde9d59a
745056,669203,54,13,2024-08-10,assessment,mlb_statcast,True,2,60,15,6,2,scale_half,7f6d93243a7e47d3a78948198dce6f30,bb4dcd5a4c431b74b20b93b9ff6ea5e6af09e5ea1ebcb52b60595efbdde9d59a
745056,669203,68,17,2024-08-10,assessment,mlb_statcast,True,3,76,20,8,3,scale_half,7f6d93243a7e47d3a78948198dce6f30,bb4dcd5a4c431b74b20b93b9ff6ea5e6af09e5ea1ebcb52b60595efbdde9d59a
745063,668881,65,18,2024-07-28,assessment,mlb_statcast,True,2,79,21,14,3,scale_half,7f6d93243a7e47d3a78948198dce6f30,bb4dcd5a4c431b74b20b93b9ff6ea5e6af09e5ea1ebcb52b60595efbdde9d59a
745065,641482,87,21,2024-07-11,assessment,mlb_statcast,True,3,90,22,3,1,scale_half,7f6d93243a7e47d3a78948198dce6f30,bb4dcd5a4c431b74b20b93b9ff6ea5e6af09e5ea1ebcb52b60595efbdde9d59a
745125,502043,105,25,2024-09-07,assessment,mlb_statcast,True,2,106,26,1,1,scale_half,7f6d93243a7e47d3a78948198dce6f30,bb4dcd5a4c431b74b20b93b9ff6ea5e6af09e5ea1ebcb52b60595efbdde9d59a
745134,605397,73,22,2024-08-28,assessment,mlb_statcast,True,3,88,25,15,3,scale_half,7f6d93243a7e47d3a78948198dce6f30,bb4dcd5a4c431b74b20b93b9ff6ea5e6af09e5ea1ebcb52b60595efbdde9d59a
745135,650633,100,22,2024-08-29,assessment,mlb_statcast,True,3,101,23,1,1,scale_half,7f6d93243a7e47d3a78948198dce6f30,bb4dcd5a4c431b74b20b93b9ff6ea5e6af09e5ea1ebcb52b60595efbdde9d59a
745222,554430,67,19,2024-08-04,assessment,mlb_statcast,True,2,76,22,9,3,scale_half,7f6d93243a7e47d3a78948198dce6f30,bb4dcd5a4c431b74b20b93b9ff6ea5e6af09e5ea1ebcb52b60595efbdde9d59a
745287,527048,62,15,2024-09-15,assessment,mlb_statcast,True,3,68,18,6,3,scale_half,7f6d93243a7e47d3a78948198dce6f30,bb4dcd5a4c431b74b20b93b9ff6ea5e6af09e5ea1ebcb52b60595efbdde9d59a
745304,657277,42,14,2024-08-10,assessment,mlb_statcast,True,1,46,15,4,1,scale_half,7f6d93243a7e47d3a78948198dce6f30,bb4dcd5a4c431b74b20b93b9ff6ea5e6af09e5ea1ebcb52b60595efbdde9d59a
745360,527048,68,18,2024-09-21,assessment,mlb_statcast,True,2,76,21,8,3,scale_half,7f6d93243a7e47d3a78948198dce6f30,bb4dcd5a4c431b74b20b93b9ff6ea5e6af09e5ea1ebcb52b60595efbdde9d59a
745365,656302,63,16,2024-09-18,assessment,mlb_statcast,True,1,66,18,3,2,scale_half,7f6d93243a7e47d3a78948198dce6f30,bb4dcd5a4c431b74b20b93b9ff6ea5e6af09e5ea1ebcb52b60595efbdde9d59a
745369,527048,69,21,2024-09-05,assessment,mlb_statcast,True,2,76,24,7,3,scale_half,7f6d93243a7e47d3a78948198dce6f30,bb4dcd5a4c431b74b20b93b9ff6ea5e6af09e5ea1ebcb52b60595efbdde9d59a
745386,656302,60,14,2024-07-31,assessment,mlb_statcast,True,2,68,16,8,2,scale_half,7f6d93243a7e47d3a78948198dce6f30,bb4dcd5a4c431b74b20b93b9ff6ea5e6af09e5ea1ebcb52b60595efbdde9d59a
745392,656302,57,13,2024-07-13,assessment,mlb_statcast,True,1,62,14,5,1,scale_half,7f6d93243a7e47d3a78948198dce6f30,bb4dcd5a4c431b74b20b93b9ff6ea5e6af09e5ea1ebcb52b60595efbdde9d59a
745472,527048,76,23,2024-07-24,assessment,mlb_statcast,True,3,87,25,11,2,scale_half,7f6d93243a7e47d3a78948198dce6f30,bb4dcd5a4c431b74b20b93b9ff6ea5e6af09e5ea1ebcb52b60595efbdde9d59a
745479,622663,80,25,2024-07-05,assessment,mlb_statcast,True,5,87,27,7,2,scale_half,7f6d93243a7e47d3a78948198dce6f30,bb4dcd5a4c431b74b20b93b9ff6ea5e6af09e5ea1ebcb52b60595efbdde9d59a
745481,527048,67,18,2024-07-19,assessment,mlb_statcast,True,4,73,20,6,2,scale_half,7f6d93243a7e47d3a78948198dce6f30,bb4dcd5a4c431b74b20b93b9ff6ea5e6af09e5ea1ebcb52b60595efbdde9d59a
745529,605400,64,15,2024-09-13,assessment,mlb_statcast,True,2,66,16,2,1,scale_half,7f6d93243a7e47d3a78948198dce6f30,bb4dcd5a4c431b74b20b93b9ff6ea5e6af09e5ea1ebcb52b60595efbdde9d59a
745543,641482,71,15,2024-07-31,assessment,mlb_statcast,True,2,73,16,2,1,scale_half,7f6d93243a7e47d3a78948198dce6f30,bb4dcd5a4c431b74b20b93b9ff6ea5e6af09e5ea1ebcb52b60595efbdde9d59a
745544,665795,69,17,2024-08-14,assessment,mlb_statcast,True,3,78,19,9,2,scale_half,7f6d93243a7e47d3a78948198dce6f30,bb4dcd5a4c431b74b20b93b9ff6ea5e6af09e5ea1ebcb52b60595efbdde9d59a
745691,543037,80,17,2024-09-26,assessment,mlb_statcast,True,2,84,18,4,1,scale_half,7f6d93243a7e47d3a78948198dce6f30,bb4dcd5a4c431b74b20b93b9ff6ea5e6af09e5ea1ebcb52b60595efbdde9d59a
745706,573186,78,17,2024-08-25,assessment,mlb_statcast,True,3,82,18,4,1,scale_half,7f6d93243a7e47d3a78948198dce6f30,bb4dcd5a4c431b74b20b93b9ff6ea5e6af09e5ea1ebcb52b60595efbdde9d59a
745706,573186,92,21,2024-08-25,assessment,mlb_statcast,True,5,96,22,4,1,scale_half,7f6d93243a7e47d3a78948198dce6f30,bb4dcd5a4c431b74b20b93b9ff6ea5e6af09e5ea1ebcb52b60595efbdde9d59a
745716,543037,88,25,2024-07-24,assessment,mlb_statcast,True,5,100,27,12,2,scale_half,7f6d93243a7e47d3a78948198dce6f30,bb4dcd5a4c431b74b20b93b9ff6ea5e6af09e5ea1ebcb52b60595efbdde9d59a
745720,641482,80,20,2024-07-20,assessment,mlb_statcast,True,3,91,22,11,2,scale_half,7f6d93243a7e47d3a78948198dce6f30,bb4dcd5a4c431b74b20b93b9ff6ea5e6af09e5ea1ebcb52b60595efbdde9d59a
745770,650911,77,18,2024-09-20,assessment,mlb_statcast,True,2,91,21,14,3,scale_half,7f6d93243a7e47d3a78948198dce6f30,bb4dcd5a4c431b74b20b93b9ff6ea5e6af09e5ea1ebcb52b60595efbdde9d59a
745777,640455,93,23,2024-09-06,assessment,mlb_statcast,True,2,95,24,2,1,scale_half,7f6d93243a7e47d3a78948198dce6f30,bb4dcd5a4c431b74b20b93b9ff6ea5e6af09e5ea1ebcb52b60595efbdde9d59a
745781,640455,61,15,2024-08-21,assessment,mlb_statcast,True,1,74,19,13,4,scale_half,7f6d93243a7e47d3a78948198dce6f30,bb4dcd5a4c431b74b20b93b9ff6ea5e6af09e5ea1ebcb52b60595efbdde9d59a
745794,622663,88,22,2024-07-25,assessment,mlb_statcast,True,4,93,23,5,1,scale_half,7f6d93243a7e47d3a78948198dce6f30,bb4dcd5a4c431b74b20b93b9ff6ea5e6af09e5ea1ebcb52b60595efbdde9d59a
745882,650644,73,18,2024-07-21,assessment,mlb_statcast,True,4,74,19,1,1,scale_half,7f6d93243a7e47d3a78948198dce6f30,bb4dcd5a4c431b74b20b93b9ff6ea5e6af09e5ea1ebcb52b60595efbdde9d59a
745933,605400,63,16,2024-09-18,assessment,mlb_statcast,True,1,71,18,8,2,scale_half,7f6d93243a7e47d3a78948198dce6f30,bb4dcd5a4c431b74b20b93b9ff6ea5e6af09e5ea1ebcb52b60595efbdde9d59a
745939,650644,74,18,2024-09-16,assessment,mlb_statcast,True,1,84,20,10,2,scale_half,7f6d93243a7e47d3a78948198dce6f30,bb4dcd5a4c431b74b20b93b9ff6ea5e6af09e5ea1ebcb52b60595efbdde9d59a
745945,650644,69,17,2024-08-29,assessment,mlb_statcast,True,2,70,18,1,1,scale_half,7f6d93243a7e47d3a78948198dce6f30,bb4dcd5a4c431b74b20b93b9ff6ea5e6af09e5ea1ebcb52b60595efbdde9d59a
745969,527048,80,19,2024-07-10,assessment,mlb_statcast,True,1,82,20,2,1,scale_half,7f6d93243a7e47d3a78948198dce6f30,bb4dcd5a4c431b74b20b93b9ff6ea5e6af09e5ea1ebcb52b60595efbdde9d59a
746011,656427,72,18,2024-09-19,assessment,mlb_statcast,True,3,80,21,8,3,scale_half,7f6d93243a7e47d3a78948198dce6f30,bb4dcd5a4c431b74b20b93b9ff6ea5e6af09e5ea1ebcb52b60595efbdde9d59a
746017,665795,75,19,2024-09-08,assessment,mlb_statcast,True,3,90,23,15,4,scale_half,7f6d93243a7e47d3a78948198dce6f30,bb4dcd5a4c431b74b20b93b9ff6ea5e6af09e5ea1ebcb52b60595efbdde9d59a
746024,543294,63,19,2024-08-23,assessment,mlb_statcast,True,4,66,20,3,1,scale_half,7f6d93243a7e47d3a78948198dce6f30,bb4dcd5a4c431b74b20b93b9ff6ea5e6af09e5ea1ebcb52b60595efbdde9d59a
746029,665795,71,20,2024-08-20,assessment,mlb_statcast,True,4,72,21,1,1,scale_half,7f6d93243a7e47d3a78948198dce6f30,bb4dcd5a4c431b74b20b93b9ff6ea5e6af09e5ea1ebcb52b60595efbdde9d59a
746035,665795,79,20,2024-07-24,assessment,mlb_statcast,True,3,86,22,7,2,scale_half,7f6d93243a7e47d3a78948198dce6f30,bb4dcd5a4c431b74b20b93b9ff6ea5e6af09e5ea1ebcb52b60595efbdde9d59a
746037,669203,66,19,2024-07-25,assessment,mlb_statcast,True,2,74,21,8,2,scale_half,7f6d93243a7e47d3a78948198dce6f30,bb4dcd5a4c431b74b20b93b9ff6ea5e6af09e5ea1ebcb52b60595efbdde9d59a
746088,605397,69,22,2024-09-26,assessment,mlb_statcast,True,2,77,24,8,2,scale_half,7f6d93243a7e47d3a78948198dce6f30,bb4dcd5a4c431b74b20b93b9ff6ea5e6af09e5ea1ebcb52b60595efbdde9d59a
746095,656302,58,14,2024-09-25,assessment,mlb_statcast,True,2,71,17,13,3,scale_half,7f6d93243a7e47d3a78948198dce6f30,bb4dcd5a4c431b74b20b93b9ff6ea5e6af09e5ea1ebcb52b60595efbdde9d59a
746110,656427,74,18,2024-08-21,assessment,mlb_statcast,True,3,87,22,13,4,scale_half,7f6d93243a7e47d3a78948198dce6f30,bb4dcd5a4c431b74b20b93b9ff6ea5e6af09e5ea1ebcb52b60595efbdde9d59a
746116,605400,73,18,2024-08-05,assessment,mlb_statcast,True,2,79,21,6,3,scale_half,7f6d93243a7e47d3a78948198dce6f30,bb4dcd5a4c431b74b20b93b9ff6ea5e6af09e5ea1ebcb52b60595efbdde9d59a
746120,650911,63,17,2024-08-06,assessment,mlb_statcast,True,1,65,18,2,1,scale_half,7f6d93243a7e47d3a78948198dce6f30,bb4dcd5a4c431b74b20b93b9ff6ea5e6af09e5ea1ebcb52b60595efbdde9d59a
746181,579328,71,21,2024-09-13,assessment,mlb_statcast,True,3,79,24,8,3,scale_half,7f6d93243a7e47d3a78948198dce6f30,bb4dcd5a4c431b74b20b93b9ff6ea5e6af09e5ea1ebcb52b60595efbdde9d59a
746255,663903,82,22,2024-09-21,assessment,mlb_statcast,True,4,85,23,3,1,scale_half,7f6d93243a7e47d3a78948198dce6f30,bb4dcd5a4c431b74b20b93b9ff6ea5e6af09e5ea1ebcb52b60595efbdde9d59a
746261,666142,95,25,2024-09-17,assessment,mlb_statcast,True,4,97,26,2,1,scale_half,7f6d93243a7e47d3a78948198dce6f30,bb4dcd5a4c431b74b20b93b9ff6ea5e6af09e5ea1ebcb52b60595efbdde9d59a
746262,594902,71,18,2024-09-04,assessment,mlb_statcast,True,5,75,19,4,1,scale_half,7f6d93243a7e47d3a78948198dce6f30,bb4dcd5a4c431b74b20b93b9ff6ea5e6af09e5ea1ebcb52b60595efbdde9d59a
746264,663903,72,18,2024-09-03,assessment,mlb_statcast,True,3,79,20,7,2,scale_half,7f6d93243a7e47d3a78948198dce6f30,bb4dcd5a4c431b74b20b93b9ff6ea5e6af09e5ea1ebcb52b60595efbdde9d59a
746266,666142,86,19,2024-08-20,assessment,mlb_statcast,True,1,92,21,6,2,scale_half,7f6d93243a7e47d3a78948198dce6f30,bb4dcd5a4c431b74b20b93b9ff6ea5e6af09e5ea1ebcb52b60595efbdde9d59a
746274,666142,94,23,2024-07-28,assessment,mlb_statcast,True,3,98,25,4,2,scale_half,7f6d93243a7e47d3a78948198dce6f30,bb4dcd5a4c431b74b20b93b9ff6ea5e6af09e5ea1ebcb52b60595efbdde9d59a
746277,543294,68,16,2024-07-26,assessment,mlb_statcast,True,2,73,19,5,3,scale_half,7f6d93243a7e47d3a78948198dce6f30,bb4dcd5a4c431b74b20b93b9ff6ea5e6af09e5ea1ebcb52b60595efbdde9d59a
746286,663903,80,23,2024-07-20,assessment,mlb_statcast,True,3,89,26,9,3,scale_half,7f6d93243a7e47d3a78948198dce6f30,bb4dcd5a4c431b74b20b93b9ff6ea5e6af09e5ea1ebcb52b60595efbdde9d59a
746344,579328,75,20,2024-09-07,assessment,mlb_statcast,True,3,82,22,7,2,scale_half,7f6d93243a7e47d3a78948198dce6f30,bb4dcd5a4c431b74b20b93b9ff6ea5e6af09e5ea1ebcb52b60595efbdde9d59a
746344,579328,78,21,2024-09-07,assessment,mlb_statcast,True,4,89,24,11,3,scale_half,7f6d93243a7e47d3a78948198dce6f30,bb4dcd5a4c431b74b20b93b9ff6ea5e6af09e5ea1ebcb52b60595efbdde9d59a
746348,579328,68,17,2024-08-31,assessment,mlb_statcast,True,1,79,20,11,3,scale_half,7f6d93243a7e47d3a78948198dce6f30,bb4dcd5a4c431b74b20b93b9ff6ea5e6af09e5ea1ebcb52b60595efbdde9d59a
746352,663903,92,23,2024-08-29,assessment,mlb_statcast,True,2,97,24,5,1,scale_half,7f6d93243a7e47d3a78948198dce6f30,bb4dcd5a4c431b74b20b93b9ff6ea5e6af09e5ea1ebcb52b60595efbdde9d59a
746451,594902,79,23,2024-07-09,assessment,mlb_statcast,True,1,80,24,1,1,scale_half,7f6d93243a7e47d3a78948198dce6f30,bb4dcd5a4c431b74b20b93b9ff6ea5e6af09e5ea1ebcb52b60595efbdde9d59a
746495,607536,69,19,2024-09-26,assessment,mlb_statcast,True,3,82,22,13,3,scale_half,7f6d93243a7e47d3a78948198dce6f30,bb4dcd5a4c431b74b20b93b9ff6ea5e6af09e5ea1ebcb52b60595efbdde9d59a
746512,607536,68,19,2024-08-28,assessment,mlb_statcast,True,2,72,20,4,1,scale_half,7f6d93243a7e47d3a78948198dce6f30,bb4dcd5a4c431b74b20b93b9ff6ea5e6af09e5ea1ebcb52b60595efbdde9d59a
746513,665795,58,14,2024-08-26,assessment,mlb_statcast,True,1,70,17,12,3,scale_half,7f6d93243a7e47d3a78948198dce6f30,bb4dcd5a4c431b74b20b93b9ff6ea5e6af09e5ea1ebcb52b60595efbdde9d59a
746515,656302,64,15,2024-08-17,assessment,mlb_statcast,True,2,70,17,6,2,scale_half,7f6d93243a7e47d3a78948198dce6f30,bb4dcd5a4c431b74b20b93b9ff6ea5e6af09e5ea1ebcb52b60595efbdde9d59a
746673,668881,83,20,2024-08-13,assessment,mlb_statcast,True,2,89,22,6,2,scale_half,7f6d93243a7e47d3a78948198dce6f30,bb4dcd5a4c431b74b20b93b9ff6ea5e6af09e5ea1ebcb52b60595efbdde9d59a
746826,543294,68,17,2024-09-21,assessment,mlb_statcast,True,2,82,22,14,5,scale_half,7f6d93243a7e47d3a78948198dce6f30,bb4dcd5a4c431b74b20b93b9ff6ea5e6af09e5ea1ebcb52b60595efbdde9d59a
746843,543294,66,16,2024-08-16,assessment,mlb_statcast,True,3,71,18,5,2,scale_half,7f6d93243a7e47d3a78948198dce6f30,bb4dcd5a4c431b74b20b93b9ff6ea5e6af09e5ea1ebcb52b60595efbdde9d59a
746989,669203,69,19,2024-09-08,assessment,mlb_statcast,True,3,76,21,7,2,scale_half,7f6d93243a7e47d3a78948198dce6f30,bb4dcd5a4c431b74b20b93b9ff6ea5e6af09e5ea1ebcb52b60595efbdde9d59a
746998,669203,83,24,2024-08-22,assessment,mlb_statcast,True,5,90,26,7,2,scale_half,7f6d93243a7e47d3a78948198dce6f30,bb4dcd5a4c431b74b20b93b9ff6ea5e6af09e5ea1ebcb52b60595efbdde9d59a
747001,669203,77,20,2024-08-16,assessment,mlb_statcast,True,3,89,24,12,4,scale_half,7f6d93243a7e47d3a78948198dce6f30,bb4dcd5a4c431b74b20b93b9ff6ea5e6af09e5ea1ebcb52b60595efbdde9d59a
747005,669203,63,19,2024-07-30,assessment,mlb_statcast,True,2,76,23,13,4,scale_half,7f6d93243a7e47d3a78948198dce6f30,bb4dcd5a4c431b74b20b93b9ff6ea5e6af09e5ea1ebcb52b60595efbdde9d59a
747082,650911,80,22,2024-08-22,assessment,mlb_statcast,True,1,86,24,6,2,scale_half,7f6d93243a7e47d3a78948198dce6f30,bb4dcd5a4c431b74b20b93b9ff6ea5e6af09e5ea1ebcb52b60595efbdde9d59a
747097,605400,75,16,2024-07-05,assessment,mlb_statcast,True,2,81,20,6,4,scale_half,7f6d93243a7e47d3a78948198dce6f30,bb4dcd5a4c431b74b20b93b9ff6ea5e6af09e5ea1ebcb52b60595efbdde9d59a
747155,656427,88,22,2024-09-02,assessment,mlb_statcast,True,3,92,23,4,1,scale_half,7f6d93243a7e47d3a78948198dce6f30,bb4dcd5a4c431b74b20b93b9ff6ea5e6af09e5ea1ebcb52b60595efbdde9d59a
747164,605400,69,18,2024-08-10,assessment,mlb_statcast,True,5,79,21,10,3,scale_half,7f6d93243a7e47d3a78948198dce6f30,bb4dcd5a4c431b74b20b93b9ff6ea5e6af09e5ea1ebcb52b60595efbdde9d59a
747166,650911,77,22,2024-08-11,assessment,mlb_statcast,True,5,83,24,6,2,scale_half,7f6d93243a7e47d3a78948198dce6f30,bb4dcd5a4c431b74b20b93b9ff6ea5e6af09e5ea1ebcb52b60595efbdde9d59a
747168,669194,63,18,2024-08-09,assessment,mlb_statcast,True,1,67,19,4,1,scale_half,7f6d93243a7e47d3a78948198dce6f30,bb4dcd5a4c431b74b20b93b9ff6ea5e6af09e5ea1ebcb52b60595efbdde9d59a
744881,640455,96,25,2024-09-11,assessment,mlb_statcast,True,2,106,27,10,2,proposed,7f6d93243a7e47d3a78948198dce6f30,bb4dcd5a4c431b74b20b93b9ff6ea5e6af09e5ea1ebcb52b60595efbdde9d59a
744911,656427,81,19,2024-07-19,assessment,mlb_statcast,True,2,90,21,9,2,proposed,7f6d93243a7e47d3a78948198dce6f30,bb4dcd5a4c431b74b20b93b9ff6ea5e6af09e5ea1ebcb52b60595efbdde9d59a
745056,669203,54,13,2024-08-10,assessment,mlb_statcast,True,2,60,15,6,2,proposed,7f6d93243a7e47d3a78948198dce6f30,bb4dcd5a4c431b74b20b93b9ff6ea5e6af09e5ea1ebcb52b60595efbdde9d59a
745056,669203,68,17,2024-08-10,assessment,mlb_statcast,True,3,76,20,8,3,proposed,7f6d93243a7e47d3a78948198dce6f30,bb4dcd5a4c431b74b20b93b9ff6ea5e6af09e5ea1ebcb52b60595efbdde9d59a
745063,668881,65,18,2024-07-28,assessment,mlb_statcast,True,2,79,21,14,3,proposed,7f6d93243a7e47d3a78948198dce6f30,bb4dcd5a4c431b74b20b93b9ff6ea5e6af09e5ea1ebcb52b60595efbdde9d59a
745065,641482,87,21,2024-07-11,assessment,mlb_statcast,True,3,90,22,3,1,proposed,7f6d93243a7e47d3a78948198dce6f30,bb4dcd5a4c431b74b20b93b9ff6ea5e6af09e5ea1ebcb52b60595efbdde9d59a
745125,502043,97,23,2024-09-07,assessment,mlb_statcast,True,2,106,26,9,3,proposed,7f6d93243a7e47d3a78948198dce6f30,bb4dcd5a4c431b74b20b93b9ff6ea5e6af09e5ea1ebcb52b60595efbdde9d59a
745134,605397,76,22,2024-08-28,assessment,mlb_statcast,True,3,88,25,12,3,proposed,7f6d93243a7e47d3a78948198dce6f30,bb4dcd5a4c431b74b20b93b9ff6ea5e6af09e5ea1ebcb52b60595efbdde9d59a
745135,650633,93,21,2024-08-29,assessment,mlb_statcast,True,3,101,23,8,2,proposed,7f6d93243a7e47d3a78948198dce6f30,bb4dcd5a4c431b74b20b93b9ff6ea5e6af09e5ea1ebcb52b60595efbdde9d59a
745222,554430,67,19,2024-08-04,assessment,mlb_statcast,True,2,76,22,9,3,proposed,7f6d93243a7e47d3a78948198dce6f30,bb4dcd5a4c431b74b20b93b9ff6ea5e6af09e5ea1ebcb52b60595efbdde9d59a
745237,592332,89,22,2024-07-05,assessment,mlb_statcast,True,4,96,25,7,3,proposed,7f6d93243a7e47d3a78948198dce6f30,bb4dcd5a4c431b74b20b93b9ff6ea5e6af09e5ea1ebcb52b60595efbdde9d59a
745287,527048,65,17,2024-09-15,assessment,mlb_statcast,True,3,68,18,3,1,proposed,7f6d93243a7e47d3a78948198dce6f30,bb4dcd5a4c431b74b20b93b9ff6ea5e6af09e5ea1ebcb52b60595efbdde9d59a
745304,657277,42,14,2024-08-10,assessment,mlb_statcast,True,1,46,15,4,1,proposed,7f6d93243a7e47d3a78948198dce6f30,bb4dcd5a4c431b74b20b93b9ff6ea5e6af09e5ea1ebcb52b60595efbdde9d59a
745360,527048,70,18,2024-09-21,assessment,mlb_statcast,True,2,76,21,6,3,proposed,7f6d93243a7e47d3a78948198dce6f30,bb4dcd5a4c431b74b20b93b9ff6ea5e6af09e5ea1ebcb52b60595efbdde9d59a
745365,656302,65,17,2024-09-18,assessment,mlb_statcast,True,1,66,18,1,1,proposed,7f6d93243a7e47d3a78948198dce6f30,bb4dcd5a4c431b74b20b93b9ff6ea5e6af09e5ea1ebcb52b60595efbdde9d59a
745369,527048,72,22,2024-09-05,assessment,mlb_statcast,True,2,76,24,4,2,proposed,7f6d93243a7e47d3a78948198dce6f30,bb4dcd5a4c431b74b20b93b9ff6ea5e6af09e5ea1ebcb52b60595efbdde9d59a
745386,656302,61,14,2024-07-31,assessment,mlb_statcast,True,2,68,16,7,2,proposed,7f6d93243a7e47d3a78948198dce6f30,bb4dcd5a4c431b74b20b93b9ff6ea5e6af09e5ea1ebcb52b60595efbdde9d59a
745392,656302,59,13,2024-07-13,assessment,mlb_statcast,True,1,62,14,3,1,proposed,7f6d93243a7e47d3a78948198dce6f30,bb4dcd5a4c431b74b20b93b9ff6ea5e6af09e5ea1ebcb52b60595efbdde9d59a
745447,679525,90,22,2024-09-13,assessment,mlb_statcast,True,3,95,23,5,1,proposed,7f6d93243a7e47d3a78948198dce6f30,bb4dcd5a4c431b74b20b93b9ff6ea5e6af09e5ea1ebcb52b60595efbdde9d59a
745472,527048,79,23,2024-07-24,assessment,mlb_statcast,True,3,87,25,8,2,proposed,7f6d93243a7e47d3a78948198dce6f30,bb4dcd5a4c431b74b20b93b9ff6ea5e6af09e5ea1ebcb52b60595efbdde9d59a
745479,622663,75,24,2024-07-05,assessment,mlb_statcast,True,5,87,27,12,3,proposed,7f6d93243a7e47d3a78948198dce6f30,bb4dcd5a4c431b74b20b93b9ff6ea5e6af09e5ea1ebcb52b60595efbdde9d59a
745481,527048,67,18,2024-07-19,assessment,mlb_statcast,True,4,73,20,6,2,proposed,7f6d93243a7e47d3a78948198dce6f30,bb4dcd5a4c431b74b20b93b9ff6ea5e6af09e5ea1ebcb52b60595efbdde9d59a
745529,605400,65,15,2024-09-13,assessment,mlb_statcast,True,2,66,16,1,1,proposed,7f6d93243a7e47d3a78948198dce6f30,bb4dcd5a4c431b74b20b93b9ff6ea5e6af09e5ea1ebcb52b60595efbdde9d59a
745543,641482,70,15,2024-07-31,assessment,mlb_statcast,True,2,73,16,3,1,proposed,7f6d93243a7e47d3a78948198dce6f30,bb4dcd5a4c431b74b20b93b9ff6ea5e6af09e5ea1ebcb52b60595efbdde9d59a
745544,665795,71,17,2024-08-14,assessment,mlb_statcast,True,3,78,19,7,2,proposed,7f6d93243a7e47d3a78948198dce6f30,bb4dcd5a4c431b74b20b93b9ff6ea5e6af09e5ea1ebcb52b60595efbdde9d59a
745691,543037,79,17,2024-09-26,assessment,mlb_statcast,True,2,84,18,5,1,proposed,7f6d93243a7e47d3a78948198dce6f30,bb4dcd5a4c431b74b20b93b9ff6ea5e6af09e5ea1ebcb52b60595efbdde9d59a
745706,573186,81,17,2024-08-25,assessment,mlb_statcast,True,3,82,18,1,1,proposed,7f6d93243a7e47d3a78948198dce6f30,bb4dcd5a4c431b74b20b93b9ff6ea5e6af09e5ea1ebcb52b60595efbdde9d59a
745706,573186,92,21,2024-08-25,assessment,mlb_statcast,True,5,96,22,4,1,proposed,7f6d93243a7e47d3a78948198dce6f30,bb4dcd5a4c431b74b20b93b9ff6ea5e6af09e5ea1ebcb52b60595efbdde9d59a
745716,543037,88,25,2024-07-24,assessment,mlb_statcast,True,5,100,27,12,2,proposed,7f6d93243a7e47d3a78948198dce6f30,bb4dcd5a4c431b74b20b93b9ff6ea5e6af09e5ea1ebcb52b60595efbdde9d59a
745720,641482,80,20,2024-07-20,assessment,mlb_statcast,True,3,91,22,11,2,proposed,7f6d93243a7e47d3a78948198dce6f30,bb4dcd5a4c431b74b20b93b9ff6ea5e6af09e5ea1ebcb52b60595efbdde9d59a
745770,650911,78,18,2024-09-20,assessment,mlb_statcast,True,2,91,21,13,3,proposed,7f6d93243a7e47d3a78948198dce6f30,bb4dcd5a4c431b74b20b93b9ff6ea5e6af09e5ea1ebcb52b60595efbdde9d59a
745777,640455,85,21,2024-09-06,assessment,mlb_statcast,True,2,95,24,10,3,proposed,7f6d93243a7e47d3a78948198dce6f30,bb4dcd5a4c431b74b20b93b9ff6ea5e6af09e5ea1ebcb52b60595efbdde9d59a
745781,640455,61,15,2024-08-21,assessment,mlb_statcast,True,1,74,19,13,4,proposed,7f6d93243a7e47d3a78948198dce6f30,bb4dcd5a4c431b74b20b93b9ff6ea5e6af09e5ea1ebcb52b60595efbdde9d59a
745785,622663,94,27,2024-08-17,assessment,mlb_statcast,True,3,98,29,4,2,proposed,7f6d93243a7e47d3a78948198dce6f30,bb4dcd5a4c431b74b20b93b9ff6ea5e6af09e5ea1ebcb52b60595efbdde9d59a
745794,622663,84,21,2024-07-25,assessment,mlb_statcast,True,4,93,23,9,2,proposed,7f6d93243a7e47d3a78948198dce6f30,bb4dcd5a4c431b74b20b93b9ff6ea5e6af09e5ea1ebcb52b60595efbdde9d59a
745933,605400,64,16,2024-09-18,assessment,mlb_statcast,True,1,71,18,7,2,proposed,7f6d93243a7e47d3a78948198dce6f30,bb4dcd5a4c431b74b20b93b9ff6ea5e6af09e5ea1ebcb52b60595efbdde9d59a
745936,650644,68,16,2024-09-21,assessment,mlb_statcast,True,3,83,19,15,3,proposed,7f6d93243a7e47d3a78948198dce6f30,bb4dcd5a4c431b74b20b93b9ff6ea5e6af09e5ea1ebcb52b60595efbdde9d59a
745939,650644,77,18,2024-09-16,assessment,mlb_statcast,True,1,84,20,7,2,proposed,7f6d93243a7e47d3a78948198dce6f30,bb4dcd5a4c431b74b20b93b9ff6ea5e6af09e5ea1ebcb52b60595efbdde9d59a
745946,657277,96,21,2024-08-27,assessment,mlb_statcast,True,4,97,22,1,1,proposed,7f6d93243a7e47d3a78948198dce6f30,bb4dcd5a4c431b74b20b93b9ff6ea5e6af09e5ea1ebcb52b60595efbdde9d59a
745969,527048,84,20,2024-07-10,assessment,mlb_statcast,True,2,94,24,10,4,proposed,7f6d93243a7e47d3a78948198dce6f30,bb4dcd5a4c431b74b20b93b9ff6ea5e6af09e5ea1ebcb52b60595efbdde9d59a
746011,656427,71,18,2024-09-19,assessment,mlb_statcast,True,3,80,21,9,3,proposed,7f6d93243a7e47d3a78948198dce6f30,bb4dcd5a4c431b74b20b93b9ff6ea5e6af09e5ea1ebcb52b60595efbdde9d59a
746017,665795,77,19,2024-09-08,assessment,mlb_statcast,True,3,90,23,13,4,proposed,7f6d93243a7e47d3a78948198dce6f30,bb4dcd5a4c431b74b20b93b9ff6ea5e6af09e5ea1ebcb52b60595efbdde9d59a
746029,665795,72,21,2024-08-20,assessment,mlb_statcast,True,5,83,23,11,2,proposed,7f6d93243a7e47d3a78948198dce6f30,bb4dcd5a4c431b74b20b93b9ff6ea5e6af09e5ea1ebcb52b60595efbdde9d59a
746035,665795,81,21,2024-07-24,assessment,mlb_statcast,True,3,86,22,5,1,proposed,7f6d93243a7e47d3a78948198dce6f30,bb4dcd5a4c431b74b20b93b9ff6ea5e6af09e5ea1ebcb52b60595efbdde9d59a
746037,669203,67,19,2024-07-25,assessment,mlb_statcast,True,2,74,21,7,2,proposed,7f6d93243a7e47d3a78948198dce6f30,bb4dcd5a4c431b74b20b93b9ff6ea5e6af09e5ea1ebcb52b60595efbdde9d59a
746041,622663,80,23,2024-07-20,assessment,mlb_statcast,True,1,83,24,3,1,proposed,7f6d93243a7e47d3a78948198dce6f30,bb4dcd5a4c431b74b20b93b9ff6ea5e6af09e5ea1ebcb52b60595efbdde9d59a
746088,605397,72,23,2024-09-26,assessment,mlb_statcast,True,2,77,24,5,1,proposed,7f6d93243a7e47d3a78948198dce6f30,bb4dcd5a4c431b74b20b93b9ff6ea5e6af09e5ea1ebcb52b60595efbdde9d59a
746095,656302,60,14,2024-09-25,assessment,mlb_statcast,True,2,71,17,11,3,proposed,7f6d93243a7e47d3a78948198dce6f30,bb4dcd5a4c431b74b20b93b9ff6ea5e6af09e5ea1ebcb52b60595efbdde9d59a
746110,656427,73,18,2024-08-21,assessment,mlb_statcast,True,3,87,22,14,4,proposed,7f6d93243a7e47d3a78948198dce6f30,bb4dcd5a4c431b74b20b93b9ff6ea5e6af09e5ea1ebcb52b60595efbdde9d59a
746116,605400,74,19,2024-08-05,assessment,mlb_statcast,True,2,79,21,5,2,proposed,7f6d93243a7e47d3a78948198dce6f30,bb4dcd5a4c431b74b20b93b9ff6ea5e6af09e5ea1ebcb52b60595efbdde9d59a
746181,579328,73,22,2024-09-13,assessment,mlb_statcast,True,3,79,24,6,2,proposed,7f6d93243a7e47d3a78948198dce6f30,bb4dcd5a4c431b74b20b93b9ff6ea5e6af09e5ea1ebcb52b60595efbdde9d59a
746255,663903,81,22,2024-09-21,assessment,mlb_statcast,True,4,85,23,4,1,proposed,7f6d93243a7e47d3a78948198dce6f30,bb4dcd5a4c431b74b20b93b9ff6ea5e6af09e5ea1ebcb52b60595efbdde9d59a
746259,679525,80,19,2024-09-07,assessment,mlb_statcast,True,2,82,20,2,1,proposed,7f6d93243a7e47d3a78948198dce6f30,bb4dcd5a4c431b74b20b93b9ff6ea5e6af09e5ea1ebcb52b60595efbdde9d59a
746261,666142,95,25,2024-09-17,assessment,mlb_statcast,True,4,97,26,2,1,proposed,7f6d93243a7e47d3a78948198dce6f30,bb4dcd5a4c431b74b20b93b9ff6ea5e6af09e5ea1ebcb52b60595efbdde9d59a
746262,594902,70,17,2024-09-04,assessment,mlb_statcast,True,5,75,19,5,2,proposed,7f6d93243a7e47d3a78948198dce6f30,bb4dcd5a4c431b74b20b93b9ff6ea5e6af09e5ea1ebcb52b60595efbdde9d59a
746264,663903,71,17,2024-09-03,assessment,mlb_statcast,True,3,79,20,8,3,proposed,7f6d93243a7e47d3a78948198dce6f30,bb4dcd5a4c431b74b20b93b9ff6ea5e6af09e5ea1ebcb52b60595efbdde9d59a
746266,666142,78,18,2024-08-20,assessment,mlb_statcast,True,1,92,21,14,3,proposed,7f6d93243a7e47d3a78948198dce6f30,bb4dcd5a4c431b74b20b93b9ff6ea5e6af09e5ea1ebcb52b60595efbdde9d59a
746274,666142,88,22,2024-07-28,assessment,mlb_statcast,True,3,98,25,10,3,proposed,7f6d93243a7e47d3a78948198dce6f30,bb4dcd5a4c431b74b20b93b9ff6ea5e6af09e5ea1ebcb52b60595efbdde9d59a
746277,543294,71,18,2024-07-26,assessment,mlb_statcast,True,2,73,19,2,1,proposed,7f6d93243a7e47d3a78948198dce6f30,bb4dcd5a4c431b74b20b93b9ff6ea5e6af09e5ea1ebcb52b60595efbdde9d59a
746286,663903,78,22,2024-07-20,assessment,mlb_statcast,True,3,89,26,11,4,proposed,7f6d93243a7e47d3a78948198dce6f30,bb4dcd5a4c431b74b20b93b9ff6ea5e6af09e5ea1ebcb52b60595efbdde9d59a
746344,579328,76,20,2024-09-07,assessment,mlb_statcast,True,3,82,22,6,2,proposed,7f6d93243a7e47d3a78948198dce6f30,bb4dcd5a4c431b74b20b93b9ff6ea5e6af09e5ea1ebcb52b60595efbdde9d59a
746344,579328,78,21,2024-09-07,assessment,mlb_statcast,True,4,89,24,11,3,proposed,7f6d93243a7e47d3a78948198dce6f30,bb4dcd5a4c431b74b20b93b9ff6ea5e6af09e5ea1ebcb52b60595efbdde9d59a
746348,579328,70,17,2024-08-31,assessment,mlb_statcast,True,1,79,20,9,3,proposed,7f6d93243a7e47d3a78948198dce6f30,bb4dcd5a4c431b74b20b93b9ff6ea5e6af09e5ea1ebcb52b60595efbdde9d59a
746352,663903,92,23,2024-08-29,assessment,mlb_statcast,True,2,97,24,5,1,proposed,7f6d93243a7e47d3a78948198dce6f30,bb4dcd5a4c431b74b20b93b9ff6ea5e6af09e5ea1ebcb52b60595efbdde9d59a
746451,594902,78,23,2024-07-09,assessment,mlb_statcast,True,1,80,24,2,1,proposed,7f6d93243a7e47d3a78948198dce6f30,bb4dcd5a4c431b74b20b93b9ff6ea5e6af09e5ea1ebcb52b60595efbdde9d59a
746512,607536,66,18,2024-08-28,assessment,mlb_statcast,True,2,72,20,6,2,proposed,7f6d93243a7e47d3a78948198dce6f30,bb4dcd5a4c431b74b20b93b9ff6ea5e6af09e5ea1ebcb52b60595efbdde9d59a
746513,665795,59,15,2024-08-26,assessment,mlb_statcast,True,1,70,17,11,2,proposed,7f6d93243a7e47d3a78948198dce6f30,bb4dcd5a4c431b74b20b93b9ff6ea5e6af09e5ea1ebcb52b60595efbdde9d59a
746515,656302,66,15,2024-08-17,assessment,mlb_statcast,True,2,70,17,4,2,proposed,7f6d93243a7e47d3a78948198dce6f30,bb4dcd5a4c431b74b20b93b9ff6ea5e6af09e5ea1ebcb52b60595efbdde9d59a
746673,668881,84,21,2024-08-13,assessment,mlb_statcast,True,2,89,22,5,1,proposed,7f6d93243a7e47d3a78948198dce6f30,bb4dcd5a4c431b74b20b93b9ff6ea5e6af09e5ea1ebcb52b60595efbdde9d59a
746689,607536,86,26,2024-07-10,assessment,mlb_statcast,True,1,88,27,2,1,proposed,7f6d93243a7e47d3a78948198dce6f30,bb4dcd5a4c431b74b20b93b9ff6ea5e6af09e5ea1ebcb52b60595efbdde9d59a
746826,543294,72,19,2024-09-21,assessment,mlb_statcast,True,2,82,22,10,3,proposed,7f6d93243a7e47d3a78948198dce6f30,bb4dcd5a4c431b74b20b93b9ff6ea5e6af09e5ea1ebcb52b60595efbdde9d59a
746843,543294,70,17,2024-08-16,assessment,mlb_statcast,True,3,71,18,1,1,proposed,7f6d93243a7e47d3a78948198dce6f30,bb4dcd5a4c431b74b20b93b9ff6ea5e6af09e5ea1ebcb52b60595efbdde9d59a
746989,669203,69,19,2024-09-08,assessment,mlb_statcast,True,3,76,21,7,2,proposed,7f6d93243a7e47d3a78948198dce6f30,bb4dcd5a4c431b74b20b93b9ff6ea5e6af09e5ea1ebcb52b60595efbdde9d59a
746998,669203,84,24,2024-08-22,assessment,mlb_statcast,True,5,90,26,6,2,proposed,7f6d93243a7e47d3a78948198dce6f30,bb4dcd5a4c431b74b20b93b9ff6ea5e6af09e5ea1ebcb52b60595efbdde9d59a
747001,669203,78,20,2024-08-16,assessment,mlb_statcast,True,3,89,24,11,4,proposed,7f6d93243a7e47d3a78948198dce6f30,bb4dcd5a4c431b74b20b93b9ff6ea5e6af09e5ea1ebcb52b60595efbdde9d59a
747005,669203,63,19,2024-07-30,assessment,mlb_statcast,True,2,76,23,13,4,proposed,7f6d93243a7e47d3a78948198dce6f30,bb4dcd5a4c431b74b20b93b9ff6ea5e6af09e5ea1ebcb52b60595efbdde9d59a
747082,650911,81,22,2024-08-22,assessment,mlb_statcast,True,1,86,24,5,2,proposed,7f6d93243a7e47d3a78948198dce6f30,bb4dcd5a4c431b74b20b93b9ff6ea5e6af09e5ea1ebcb52b60595efbdde9d59a
747097,605400,77,18,2024-07-05,assessment,mlb_statcast,True,2,81,20,4,2,proposed,7f6d93243a7e47d3a78948198dce6f30,bb4dcd5a4c431b74b20b93b9ff6ea5e6af09e5ea1ebcb52b60595efbdde9d59a
747155,656427,87,22,2024-09-02,assessment,mlb_statcast,True,3,92,23,5,1,proposed,7f6d93243a7e47d3a78948198dce6f30,bb4dcd5a4c431b74b20b93b9ff6ea5e6af09e5ea1ebcb52b60595efbdde9d59a
747161,622663,77,18,2024-08-28,assessment,mlb_statcast,True,3,81,19,4,1,proposed,7f6d93243a7e47d3a78948198dce6f30,bb4dcd5a4c431b74b20b93b9ff6ea5e6af09e5ea1ebcb52b60595efbdde9d59a
747162,640455,94,23,2024-08-27,assessment,mlb_statcast,True,2,102,25,8,2,proposed,7f6d93243a7e47d3a78948198dce6f30,bb4dcd5a4c431b74b20b93b9ff6ea5e6af09e5ea1ebcb52b60595efbdde9d59a
747164,605400,71,18,2024-08-10,assessment,mlb_statcast,True,5,79,21,8,3,proposed,7f6d93243a7e47d3a78948198dce6f30,bb4dcd5a4c431b74b20b93b9ff6ea5e6af09e5ea1ebcb52b60595efbdde9d59a
747166,650911,79,23,2024-08-11,assessment,mlb_statcast,True,5,83,24,4,1,proposed,7f6d93243a7e47d3a78948198dce6f30,bb4dcd5a4c431b74b20b93b9ff6ea5e6af09e5ea1ebcb52b60595efbdde9d59a
747168,669194,64,18,2024-08-09,assessment,mlb_statcast,True,1,67,19,3,1,proposed,7f6d93243a7e47d3a78948198dce6f30,bb4dcd5a4c431b74b20b93b9ff6ea5e6af09e5ea1ebcb52b60595efbdde9d59a
744838,640455,80,24,2024-07-02,assessment,mlb_statcast,True,1,84,25,4,1,scale_double,7f6d93243a7e47d3a78948198dce6f30,bb4dcd5a4c431b74b20b93b9ff6ea5e6af09e5ea1ebcb52b60595efbdde9d59a
744908,592332,106,32,2024-07-27,assessment,mlb_statcast,True,3,108,33,2,1,scale_double,7f6d93243a7e47d3a78948198dce6f30,bb4dcd5a4c431b74b20b93b9ff6ea5e6af09e5ea1ebcb52b60595efbdde9d59a
744910,579328,74,18,2024-07-20,assessment,mlb_statcast,True,2,88,23,14,5,scale_double,7f6d93243a7e47d3a78948198dce6f30,bb4dcd5a4c431b74b20b93b9ff6ea5e6af09e5ea1ebcb52b60595efbdde9d59a
744911,656427,81,19,2024-07-19,assessment,mlb_statcast,True,2,90,21,9,2,scale_double,7f6d93243a7e47d3a78948198dce6f30,bb4dcd5a4c431b74b20b93b9ff6ea5e6af09e5ea1ebcb52b60595efbdde9d59a
744915,579328,76,17,2024-07-03,assessment,mlb_statcast,True,2,87,21,11,4,scale_double,7f6d93243a7e47d3a78948198dce6f30,bb4dcd5a4c431b74b20b93b9ff6ea5e6af09e5ea1ebcb52b60595efbdde9d59a
745056,669203,55,13,2024-08-10,assessment,mlb_statcast,True,2,60,15,5,2,scale_double,7f6d93243a7e47d3a78948198dce6f30,bb4dcd5a4c431b74b20b93b9ff6ea5e6af09e5ea1ebcb52b60595efbdde9d59a
745056,669203,68,17,2024-08-10,assessment,mlb_statcast,True,3,76,20,8,3,scale_double,7f6d93243a7e47d3a78948198dce6f30,bb4dcd5a4c431b74b20b93b9ff6ea5e6af09e5ea1ebcb52b60595efbdde9d59a
745063,668881,65,18,2024-07-28,assessment,mlb_statcast,True,2,79,21,14,3,scale_double,7f6d93243a7e47d3a78948198dce6f30,bb4dcd5a4c431b74b20b93b9ff6ea5e6af09e5ea1ebcb52b60595efbdde9d59a
745065,641482,87,21,2024-07-11,assessment,mlb_statcast,True,3,90,22,3,1,scale_double,7f6d93243a7e47d3a78948198dce6f30,bb4dcd5a4c431b74b20b93b9ff6ea5e6af09e5ea1ebcb52b60595efbdde9d59a
745134,605397,79,23,2024-08-28,assessment,mlb_statcast,True,3,88,25,9,2,scale_double,7f6d93243a7e47d3a78948198dce6f30,bb4dcd5a4c431b74b20b93b9ff6ea5e6af09e5ea1ebcb52b60595efbdde9d59a
745135,650633,89,20,2024-08-29,assessment,mlb_statcast,True,3,101,23,12,3,scale_double,7f6d93243a7e47d3a78948198dce6f30,bb4dcd5a4c431b74b20b93b9ff6ea5e6af09e5ea1ebcb52b60595efbdde9d59a
745222,554430,67,19,2024-08-04,assessment,mlb_statcast,True,2,76,22,9,3,scale_double,7f6d93243a7e47d3a78948198dce6f30,bb4dcd5a4c431b74b20b93b9ff6ea5e6af09e5ea1ebcb52b60595efbdde9d59a
745237,592332,82,20,2024-07-05,assessment,mlb_statcast,True,4,96,25,14,5,scale_double,7f6d93243a7e47d3a78948198dce6f30,bb4dcd5a4c431b74b20b93b9ff6ea5e6af09e5ea1ebcb52b60595efbdde9d59a
745287,527048,67,17,2024-09-15,assessment,mlb_statcast,True,3,68,18,1,1,scale_double,7f6d93243a7e47d3a78948198dce6f30,bb4dcd5a4c431b74b20b93b9ff6ea5e6af09e5ea1ebcb52b60595efbdde9d59a
745304,657277,42,14,2024-08-10,assessment,mlb_statcast,True,1,46,15,4,1,scale_double,7f6d93243a7e47d3a78948198dce6f30,bb4dcd5a4c431b74b20b93b9ff6ea5e6af09e5ea1ebcb52b60595efbdde9d59a
745306,657277,93,28,2024-07-31,assessment,mlb_statcast,True,2,97,31,4,3,scale_double,7f6d93243a7e47d3a78948198dce6f30,bb4dcd5a4c431b74b20b93b9ff6ea5e6af09e5ea1ebcb52b60595efbdde9d59a
745360,527048,72,19,2024-09-21,assessment,mlb_statcast,True,2,76,21,4,2,scale_double,7f6d93243a7e47d3a78948198dce6f30,bb4dcd5a4c431b74b20b93b9ff6ea5e6af09e5ea1ebcb52b60595efbdde9d59a
745369,527048,73,23,2024-09-05,assessment,mlb_statcast,True,2,76,24,3,1,scale_double,7f6d93243a7e47d3a78948198dce6f30,bb4dcd5a4c431b74b20b93b9ff6ea5e6af09e5ea1ebcb52b60595efbdde9d59a
745386,656302,64,15,2024-07-31,assessment,mlb_statcast,True,2,68,16,4,1,scale_double,7f6d93243a7e47d3a78948198dce6f30,bb4dcd5a4c431b74b20b93b9ff6ea5e6af09e5ea1ebcb52b60595efbdde9d59a
745392,656302,61,13,2024-07-13,assessment,mlb_statcast,True,1,62,14,1,1,scale_double,7f6d93243a7e47d3a78948198dce6f30,bb4dcd5a4c431b74b20b93b9ff6ea5e6af09e5ea1ebcb52b60595efbdde9d59a
745447,679525,86,21,2024-09-13,assessment,mlb_statcast,True,3,95,23,9,2,scale_double,7f6d93243a7e47d3a78948198dce6f30,bb4dcd5a4c431b74b20b93b9ff6ea5e6af09e5ea1ebcb52b60595efbdde9d59a
745472,527048,81,24,2024-07-24,assessment,mlb_statcast,True,3,87,25,6,1,scale_double,7f6d93243a7e47d3a78948198dce6f30,bb4dcd5a4c431b74b20b93b9ff6ea5e6af09e5ea1ebcb52b60595efbdde9d59a
745481,527048,68,18,2024-07-19,assessment,mlb_statcast,True,4,73,20,5,2,scale_double,7f6d93243a7e47d3a78948198dce6f30,bb4dcd5a4c431b74b20b93b9ff6ea5e6af09e5ea1ebcb52b60595efbdde9d59a
745543,641482,70,15,2024-07-31,assessment,mlb_statcast,True,2,73,16,3,1,scale_double,7f6d93243a7e47d3a78948198dce6f30,bb4dcd5a4c431b74b20b93b9ff6ea5e6af09e5ea1ebcb52b60595efbdde9d59a
745544,665795,72,17,2024-08-14,assessment,mlb_statcast,True,3,78,19,6,2,scale_double,7f6d93243a7e47d3a78948198dce6f30,bb4dcd5a4c431b74b20b93b9ff6ea5e6af09e5ea1ebcb52b60595efbdde9d59a
745691,543037,81,17,2024-09-26,assessment,mlb_statcast,True,2,84,18,3,1,scale_double,7f6d93243a7e47d3a78948198dce6f30,bb4dcd5a4c431b74b20b93b9ff6ea5e6af09e5ea1ebcb52b60595efbdde9d59a
745706,573186,83,19,2024-08-25,assessment,mlb_statcast,True,4,88,20,5,1,scale_double,7f6d93243a7e47d3a78948198dce6f30,bb4dcd5a4c431b74b20b93b9ff6ea5e6af09e5ea1ebcb52b60595efbdde9d59a
745706,573186,92,21,2024-08-25,assessment,mlb_statcast,True,5,96,22,4,1,scale_double,7f6d93243a7e47d3a78948198dce6f30,bb4dcd5a4c431b74b20b93b9ff6ea5e6af09e5ea1ebcb52b60595efbdde9d59a
745716,543037,89,25,2024-07-24,assessment,mlb_statcast,True,5,100,27,11,2,scale_double,7f6d93243a7e47d3a78948198dce6f30,bb4dcd5a4c431b74b20b93b9ff6ea5e6af09e5ea1ebcb52b60595efbdde9d59a
745720,641482,79,20,2024-07-20,assessment,mlb_statcast,True,3,91,22,12,2,scale_double,7f6d93243a7e47d3a78948198dce6f30,bb4dcd5a4c431b74b20b93b9ff6ea5e6af09e5ea1ebcb52b60595efbdde9d59a
745770,650911,79,19,2024-09-20,assessment,mlb_statcast,True,2,91,21,12,2,scale_double,7f6d93243a7e47d3a78948198dce6f30,bb4dcd5a4c431b74b20b93b9ff6ea5e6af09e5ea1ebcb52b60595efbdde9d59a
745781,640455,61,15,2024-08-21,assessment,mlb_statcast,True,1,74,19,13,4,scale_double,7f6d93243a7e47d3a78948198dce6f30,bb4dcd5a4c431b74b20b93b9ff6ea5e6af09e5ea1ebcb52b60595efbdde9d59a
745785,622663,90,27,2024-08-17,assessment,mlb_statcast,True,3,98,29,8,2,scale_double,7f6d93243a7e47d3a78948198dce6f30,bb4dcd5a4c431b74b20b93b9ff6ea5e6af09e5ea1ebcb52b60595efbdde9d59a
745794,622663,82,21,2024-07-25,assessment,mlb_statcast,True,4,93,23,11,2,scale_double,7f6d93243a7e47d3a78948198dce6f30,bb4dcd5a4c431b74b20b93b9ff6ea5e6af09e5ea1ebcb52b60595efbdde9d59a
745933,605400,68,17,2024-09-18,assessment,mlb_statcast,True,1,71,18,3,1,scale_double,7f6d93243a7e47d3a78948198dce6f30,bb4dcd5a4c431b74b20b93b9ff6ea5e6af09e5ea1ebcb52b60595efbdde9d59a
745936,650644,71,16,2024-09-21,assessment,mlb_statcast,True,3,83,19,12,3,scale_double,7f6d93243a7e47d3a78948198dce6f30,bb4dcd5a4c431b74b20b93b9ff6ea5e6af09e5ea1ebcb52b60595efbdde9d59a
745939,650644,81,19,2024-09-16,assessment,mlb_statcast,True,1,84,20,3,1,scale_double,7f6d93243a7e47d3a78948198dce6f30,bb4dcd5a4c431b74b20b93b9ff6ea5e6af09e5ea1ebcb52b60595efbdde9d59a
745946,657277,93,21,2024-08-27,assessment,mlb_statcast,True,4,97,22,4,1,scale_double,7f6d93243a7e47d3a78948198dce6f30,bb4dcd5a4c431b74b20b93b9ff6ea5e6af09e5ea1ebcb52b60595efbdde9d59a
745969,527048,88,22,2024-07-10,assessment,mlb_statcast,True,2,94,24,6,2,scale_double,7f6d93243a7e47d3a78948198dce6f30,bb4dcd5a4c431b74b20b93b9ff6ea5e6af09e5ea1ebcb52b60595efbdde9d59a
746011,656427,71,18,2024-09-19,assessment,mlb_statcast,True,3,80,21,9,3,scale_double,7f6d93243a7e47d3a78948198dce6f30,bb4dcd5a4c431b74b20b93b9ff6ea5e6af09e5ea1ebcb52b60595efbdde9d59a
746017,665795,78,20,2024-09-08,assessment,mlb_statcast,True,3,90,23,12,3,scale_double,7f6d93243a7e47d3a78948198dce6f30,bb4dcd5a4c431b74b20b93b9ff6ea5e6af09e5ea1ebcb52b60595efbdde9d59a
746029,665795,74,21,2024-08-20,assessment,mlb_statcast,True,5,83,23,9,2,scale_double,7f6d93243a7e47d3a78948198dce6f30,bb4dcd5a4c431b74b20b93b9ff6ea5e6af09e5ea1ebcb52b60595efbdde9d59a
746035,665795,82,21,2024-07-24,assessment,mlb_statcast,True,3,86,22,4,1,scale_double,7f6d93243a7e47d3a78948198dce6f30,bb4dcd5a4c431b74b20b93b9ff6ea5e6af09e5ea1ebcb52b60595efbdde9d59a
746037,669203,69,19,2024-07-25,assessment,mlb_statcast,True,2,74,21,5,2,scale_double,7f6d93243a7e47d3a78948198dce6f30,bb4dcd5a4c431b74b20b93b9ff6ea5e6af09e5ea1ebcb52b60595efbdde9d59a
746041,622663,76,22,2024-07-20,assessment,mlb_statcast,True,1,83,24,7,2,scale_double,7f6d93243a7e47d3a78948198dce6f30,bb4dcd5a4c431b74b20b93b9ff6ea5e6af09e5ea1ebcb52b60595efbdde9d59a
746088,605397,75,23,2024-09-26,assessment,mlb_statcast,True,2,77,24,2,1,scale_double,7f6d93243a7e47d3a78948198dce6f30,bb4dcd5a4c431b74b20b93b9ff6ea5e6af09e5ea1ebcb52b60595efbdde9d59a
746095,656302,61,14,2024-09-25,assessment,mlb_statcast,True,2,71,17,10,3,scale_double,7f6d93243a7e47d3a78948198dce6f30,bb4dcd5a4c431b74b20b93b9ff6ea5e6af09e5ea1ebcb52b60595efbdde9d59a
746110,656427,73,18,2024-08-21,assessment,mlb_statcast,True,3,87,22,14,4,scale_double,7f6d93243a7e47d3a78948198dce6f30,bb4dcd5a4c431b74b20b93b9ff6ea5e6af09e5ea1ebcb52b60595efbdde9d59a
746116,605400,76,19,2024-08-05,assessment,mlb_statcast,True,2,79,21,3,2,scale_double,7f6d93243a7e47d3a78948198dce6f30,bb4dcd5a4c431b74b20b93b9ff6ea5e6af09e5ea1ebcb52b60595efbdde9d59a
746181,579328,75,22,2024-09-13,assessment,mlb_statcast,True,3,79,24,4,2,scale_double,7f6d93243a7e47d3a78948198dce6f30,bb4dcd5a4c431b74b20b93b9ff6ea5e6af09e5ea1ebcb52b60595efbdde9d59a
746198,607536,84,24,2024-07-31,assessment,mlb_statcast,True,3,85,25,1,1,scale_double,7f6d93243a7e47d3a78948198dce6f30,bb4dcd5a4c431b74b20b93b9ff6ea5e6af09e5ea1ebcb52b60595efbdde9d59a
746255,663903,81,22,2024-09-21,assessment,mlb_statcast,True,4,85,23,4,1,scale_double,7f6d93243a7e47d3a78948198dce6f30,bb4dcd5a4c431b74b20b93b9ff6ea5e6af09e5ea1ebcb52b60595efbdde9d59a
746259,679525,75,18,2024-09-07,assessment,mlb_statcast,True,2,82,20,7,2,scale_double,7f6d93243a7e47d3a78948198dce6f30,bb4dcd5a4c431b74b20b93b9ff6ea5e6af09e5ea1ebcb52b60595efbdde9d59a
746261,666142,89,23,2024-09-17,assessment,mlb_statcast,True,4,97,26,8,3,scale_double,7f6d93243a7e47d3a78948198dce6f30,bb4dcd5a4c431b74b20b93b9ff6ea5e6af09e5ea1ebcb52b60595efbdde9d59a
746262,594902,69,16,2024-09-04,assessment,mlb_statcast,True,4,70,17,1,1,scale_double,7f6d93243a7e47d3a78948198dce6f30,bb4dcd5a4c431b74b20b93b9ff6ea5e6af09e5ea1ebcb52b60595efbdde9d59a
746264,663903,71,17,2024-09-03,assessment,mlb_statcast,True,3,79,20,8,3,scale_double,7f6d93243a7e47d3a78948198dce6f30,bb4dcd5a4c431b74b20b93b9ff6ea5e6af09e5ea1ebcb52b60595efbdde9d59a
746266,666142,78,18,2024-08-20,assessment,mlb_statcast,True,1,92,21,14,3,scale_double,7f6d93243a7e47d3a78948198dce6f30,bb4dcd5a4c431b74b20b93b9ff6ea5e6af09e5ea1ebcb52b60595efbdde9d59a
746272,666142,101,26,2024-08-07,assessment,mlb_statcast,True,2,104,27,3,1,scale_double,7f6d93243a7e47d3a78948198dce6f30,bb4dcd5a4c431b74b20b93b9ff6ea5e6af09e5ea1ebcb52b60595efbdde9d59a
746274,666142,84,21,2024-07-28,assessment,mlb_statcast,True,3,98,25,14,4,scale_double,7f6d93243a7e47d3a78948198dce6f30,bb4dcd5a4c431b74b20b93b9ff6ea5e6af09e5ea1ebcb52b60595efbdde9d59a
746277,543294,76,20,2024-07-26,assessment,mlb_statcast,True,3,78,21,2,1,scale_double,7f6d93243a7e47d3a78948198dce6f30,bb4dcd5a4c431b74b20b93b9ff6ea5e6af09e5ea1ebcb52b60595efbdde9d59a
746286,663903,78,22,2024-07-20,assessment,mlb_statcast,True,3,89,26,11,4,scale_double,7f6d93243a7e47d3a78948198dce6f30,bb4dcd5a4c431b74b20b93b9ff6ea5e6af09e5ea1ebcb52b60595efbdde9d59a
746344,579328,82,22,2024-09-07,assessment,mlb_statcast,True,4,89,24,7,2,scale_double,7f6d93243a7e47d3a78948198dce6f30,bb4dcd5a4c431b74b20b93b9ff6ea5e6af09e5ea1ebcb52b60595efbdde9d59a
746347,679525,65,17,2024-09-01,assessment,mlb_statcast,True,3,69,19,4,2,scale_double,7f6d93243a7e47d3a78948198dce6f30,bb4dcd5a4c431b74b20b93b9ff6ea5e6af09e5ea1ebcb52b60595efbdde9d59a
746348,579328,73,18,2024-08-31,assessment,mlb_statcast,True,1,79,20,6,2,scale_double,7f6d93243a7e47d3a78948198dce6f30,bb4dcd5a4c431b74b20b93b9ff6ea5e6af09e5ea1ebcb52b60595efbdde9d59a
746352,663903,92,23,2024-08-29,assessment,mlb_statcast,True,2,97,24,5,1,scale_double,7f6d93243a7e47d3a78948198dce6f30,bb4dcd5a4c431b74b20b93b9ff6ea5e6af09e5ea1ebcb52b60595efbdde9d59a
746451,594902,78,23,2024-07-09,assessment,mlb_statcast,True,1,80,24,2,1,scale_double,7f6d93243a7e47d3a78948198dce6f30,bb4dcd5a4c431b74b20b93b9ff6ea5e6af09e5ea1ebcb52b60595efbdde9d59a
746512,607536,63,17,2024-08-28,assessment,mlb_statcast,True,2,72,20,9,3,scale_double,7f6d93243a7e47d3a78948198dce6f30,bb4dcd5a4c431b74b20b93b9ff6ea5e6af09e5ea1ebcb52b60595efbdde9d59a
746513,665795,60,15,2024-08-26,assessment,mlb_statcast,True,1,70,17,10,2,scale_double,7f6d93243a7e47d3a78948198dce6f30,bb4dcd5a4c431b74b20b93b9ff6ea5e6af09e5ea1ebcb52b60595efbdde9d59a
746515,656302,68,16,2024-08-17,assessment,mlb_statcast,True,2,70,17,2,1,scale_double,7f6d93243a7e47d3a78948198dce6f30,bb4dcd5a4c431b74b20b93b9ff6ea5e6af09e5ea1ebcb52b60595efbdde9d59a
746673,668881,85,21,2024-08-13,assessment,mlb_statcast,True,2,89,22,4,1,scale_double,7f6d93243a7e47d3a78948198dce6f30,bb4dcd5a4c431b74b20b93b9ff6ea5e6af09e5ea1ebcb52b60595efbdde9d59a
746677,502043,82,19,2024-08-14,assessment,mlb_statcast,True,5,89,23,7,4,scale_double,7f6d93243a7e47d3a78948198dce6f30,bb4dcd5a4c431b74b20b93b9ff6ea5e6af09e5ea1ebcb52b60595efbdde9d59a
746689,607536,81,25,2024-07-10,assessment,mlb_statcast,True,1,88,27,7,2,scale_double,7f6d93243a7e47d3a78948198dce6f30,bb4dcd5a4c431b74b20b93b9ff6ea5e6af09e5ea1ebcb52b60595efbdde9d59a
746826,543294,77,21,2024-09-21,assessment,mlb_statcast,True,2,82,22,5,1,scale_double,7f6d93243a7e47d3a78948198dce6f30,bb4dcd5a4c431b74b20b93b9ff6ea5e6af09e5ea1ebcb52b60595efbdde9d59a
746989,669203,69,19,2024-09-08,assessment,mlb_statcast,True,3,76,21,7,2,scale_double,7f6d93243a7e47d3a78948198dce6f30,bb4dcd5a4c431b74b20b93b9ff6ea5e6af09e5ea1ebcb52b60595efbdde9d59a
746998,669203,87,24,2024-08-22,assessment,mlb_statcast,True,5,90,26,3,2,scale_double,7f6d93243a7e47d3a78948198dce6f30,bb4dcd5a4c431b74b20b93b9ff6ea5e6af09e5ea1ebcb52b60595efbdde9d59a
747001,669203,80,21,2024-08-16,assessment,mlb_statcast,True,3,89,24,9,3,scale_double,7f6d93243a7e47d3a78948198dce6f30,bb4dcd5a4c431b74b20b93b9ff6ea5e6af09e5ea1ebcb52b60595efbdde9d59a
747005,669203,65,21,2024-07-30,assessment,mlb_statcast,True,2,76,23,11,2,scale_double,7f6d93243a7e47d3a78948198dce6f30,bb4dcd5a4c431b74b20b93b9ff6ea5e6af09e5ea1ebcb52b60595efbdde9d59a
747082,650911,82,22,2024-08-22,assessment,mlb_statcast,True,1,86,24,4,2,scale_double,7f6d93243a7e47d3a78948198dce6f30,bb4dcd5a4c431b74b20b93b9ff6ea5e6af09e5ea1ebcb52b60595efbdde9d59a
747155,656427,87,22,2024-09-02,assessment,mlb_statcast,True,3,92,23,5,1,scale_double,7f6d93243a7e47d3a78948198dce6f30,bb4dcd5a4c431b74b20b93b9ff6ea5e6af09e5ea1ebcb52b60595efbdde9d59a
747161,622663,73,17,2024-08-28,assessment,mlb_statcast,True,3,81,19,8,2,scale_double,7f6d93243a7e47d3a78948198dce6f30,bb4dcd5a4c431b74b20b93b9ff6ea5e6af09e5ea1ebcb52b60595efbdde9d59a
747162,640455,87,21,2024-08-27,assessment,mlb_statcast,True,1,89,22,2,1,scale_double,7f6d93243a7e47d3a78948198dce6f30,bb4dcd5a4c431b74b20b93b9ff6ea5e6af09e5ea1ebcb52b60595efbdde9d59a
747164,605400,74,19,2024-08-10,assessment,mlb_statcast,True,5,79,21,5,2,scale_double,7f6d93243a7e47d3a78948198dce6f30,bb4dcd5a4c431b74b20b93b9ff6ea5e6af09e5ea1ebcb52b60595efbdde9d59a
747166,650911,80,23,2024-08-11,assessment,mlb_statcast,True,5,83,24,3,1,scale_double,7f6d93243a7e47d3a78948198dce6f30,bb4dcd5a4c431b74b20b93b9ff6ea5e6af09e5ea1ebcb52b60595efbdde9d59a
747168,669194,67,19,2024-08-09,assessment,mlb_statcast,True,2,75,21,8,2,scale_double,7f6d93243a7e47d3a78948198dce6f30,bb4dcd5a4c431b74b20b93b9ff6ea5e6af09e5ea1ebcb52b60595efbdde9d59a
