resampling_unit,comparison,metric,estimate,ci_lower_95,ci_upper_95,zero_denominator_frequency,bootstrap_samples,valid_replicates,interval_status,cluster_count,run_id,protocol_sha256
outing,original,episode_recall,0.06680369989722508,0.052212848487438956,0.08182232241442768,0.0,1000,1000,ok,446,7f6d93243a7e47d3a78948198dce6f30,bb4dcd5a4c431b74b20b93b9ff6ea5e6af09e5ea1ebcb52b60595efbdde9d59a
outing,original,warning_precision,0.35135135135135137,0.28569703243616285,0.4262295081967213,0.0,1000,1000,ok,446,7f6d93243a7e47d3a78948198dce6f30,bb4dcd5a4c431b74b20b93b9ff6ea5e6af09e5ea1ebcb52b60595efbdde9d59a
outing,original,false_warnings_per_outing,0.26905829596412556,0.226457399103139,0.31614349775784756,0.0,1000,1000,ok,446,7f6d93243a7e47d3a78948198dce6f30,bb4dcd5a4c431b74b20b93b9ff6ea5e6af09e5ea1ebcb52b60595efbdde9d59a
outing,original,risk_ratio_alert_vs_no_alert,0.9394260259967868,0.7789920679960443,1.0964450015221527,0.0,1000,1000,ok,446,7f6d93243a7e47d3a78948198dce6f30,bb4dcd5a4c431b74b20b93b9ff6ea5e6af09e5ea1ebcb52b60595efbdde9d59a
outing,proposed,episode_recall,0.08633093525179857,0.07076348606602452,0.10331068885152325,0.0,1000,1000,ok,446,7f6d93243a7e47d3a78948198dce6f30,bb4dcd5a4c431b74b20b93b9ff6ea5e6af09e5ea1ebcb52b60595efbdde9d59a
outing,proposed,warning_precision,0.3181818181818182,0.26223163367997315,0.37687025935894297,0.0,1000,1000,ok,446,7f6d93243a7e47d3a78948198dce6f30,bb4dcd5a4c431b74b20b93b9ff6ea5e6af09e5ea1ebcb52b60595efbdde9d59a
outing,proposed,false_warnings_per_outing,0.40358744394618834,0.3475336322869955,0.45745515695067257,0.0,1000,1000,ok,446,7f6d93243a7e47d3a78948198dce6f30,bb4dcd5a4c431b74b20b93b9ff6ea5e6af09e5ea1ebcb52b60595efbdde9d59a
outing,proposed,risk_ratio_alert_vs_no_alert,0.955706415821622,0.8314815207419605,1.0900237269235842,0.0,1000,1000,ok,446,7f6d93243a7e47d3a78948198dce6f30,bb4dcd5a4c431b74b20b93b9ff6ea5e6af09e5ea1ebcb52b60595efbdde9d59a
outing,proposed_minus_original,episode_recall,0.019527235354573486,0.0020654312095096015,0.03768163069708534,0.0,1000,1000,ok,446,7f6d93243a7e47d3a78948198dce6f30,bb4dcd5a4c431b74b20b93b9ff6ea5e6af09e5ea1ebcb52b60595efbdde9d59a
outing,proposed_minus_original,warning_precision,-0.033169533169533194,-0.10809022501151248,0.04059196058418739,0.0,1000,1000,ok,446,7f6d93243a7e47d3a78948198dce6f30,bb4dcd5a4c431b74b20b93b9ff6ea5e6af09e5ea1ebcb52b60595efbdde9d59a
outing,proposed_minus_original,false_warnings_per_outing,0.13452914798206278,0.07399103139013452,0.19955156950672642,0.0,1000,1000,ok,446,7f6d93243a7e47d3a78948198dce6f30,bb4dcd5a4c431b74b20b93b9ff6ea5e6af09e5ea1ebcb52b60595efbdde9d59a
outing,proposed_minus_original,risk_ratio_alert_vs_no_alert,0.01628038982483515,-0.11877898749837885,0.14932752382432535,0.0,1000,1000,ok,446,7f6d93243a7e47d3a78948198dce6f30,bb4dcd5a4c431b74b20b93b9ff6ea5e6af09e5ea1ebcb52b60595efbdde9d59a
pitcher,original,episode_recall,0.06680369989722508,0.054336149552718094,0.07934104956614761,0.0,1000,1000,ok,35,7f6d93243a7e47d3a78948198dce6f30,bb4dcd5a4c431b74b20b93b9ff6ea5e6af09e5ea1ebcb52b60595efbdde9d59a
pitcher,original,warning_precision,0.35135135135135137,0.28823280159521436,0.42308282208588954,0.0,1000,1000,ok,35,7f6d93243a7e47d3a78948198dce6f30,bb4dcd5a4c431b74b20b93b9ff6ea5e6af09e5ea1ebcb52b60595efbdde9d59a
pitcher,original,false_warnings_per_outing,0.26905829596412556,0.22246566791510614,0.3153243815849748,0.0,1000,1000,ok,35,7f6d93243a7e47d3a78948198dce6f30,bb4dcd5a4c431b74b20b93b9ff6ea5e6af09e5ea1ebcb52b60595efbdde9d59a
pitcher,original,risk_ratio_alert_vs_no_alert,0.9394260259967868,0.7837489424230606,1.0926147928872054,0.0,1000,1000,ok,35,7f6d93243a7e47d3a78948198dce6f30,bb4dcd5a4c431b74b20b93b9ff6ea5e6af09e5ea1ebcb52b60595efbdde9d59a
pitcher,proposed,episode_recall,0.08633093525179857,0.06594202786759805,0.10604843984236467,0.0,1000,1000,ok,35,7f6d93243a7e47d3a78948198dce6f30,bb4dcd5a4c431b74b20b93b9ff6ea5e6af09e5ea1ebcb52b60595efbdde9d59a
pitcher,proposed,warning_precision,0.3181818181818182,0.26249643536121675,0.3783839394950506,0.0,1000,1000,ok,35,7f6d93243a7e47d3a78948198dce6f30,bb4dcd5a4c431b74b20b93b9ff6ea5e6af09e5ea1ebcb52b60595efbdde9d59a
pitcher,proposed,false_warnings_per_outing,0.40358744394618834,0.30019123655857793,0.5178203895976687,0.0,1000,1000,ok,35,7f6d93243a7e47d3a78948198dce6f30,bb4dcd5a4c431b74b20b93b9ff6ea5e6af09e5ea1ebcb52b60595efbdde9d59a
pitcher,proposed,risk_ratio_alert_vs_no_alert,0.955706415821622,0.8157578132771813,1.0807258380825155,0.0,1000,1000,ok,35,7f6d93243a7e47d3a78948198dce6f30,bb4dcd5a4c431b74b20b93b9ff6ea5e6af09e5ea1ebcb52b60595efbdde9d59a
pitcher,proposed_minus_original,episode_recall,0.019527235354573486,0.001978352195292686,0.0386463217525494,0.0,1000,1000,ok,35,7f6d93243a7e47d3a78948198dce6f30,bb4dcd5a4c431b74b20b93b9ff6ea5e6af09e5ea1ebcb52b60595efbdde9d59a
pitcher,proposed_minus_original,warning_precision,-0.033169533169533194,-0.1082540548498591,0.03802066683798525,0.0,1000,1000,ok,35,7f6d93243a7e47d3a78948198dce6f30,bb4dcd5a4c431b74b20b93b9ff6ea5e6af09e5ea1ebcb52b60595efbdde9d59a
pitcher,proposed_minus_original,false_warnings_per_outing,0.13452914798206278,0.03145891066659948,0.258077434118255,0.0,1000,1000,ok,35,7f6d93243a7e47d3a78948198dce6f30,bb4dcd5a4c431b74b20b93b9ff6ea5e6af09e5ea1ebcb52b60595efbdde9d59a
pitcher,proposed_minus_original,risk_ratio_alert_vs_no_alert,0.01628038982483515,-0.1181858118565969,0.1586568726848862,0.0,1000,1000,ok,35,7f6d93243a7e47d3a78948198dce6f30,bb4dcd5a4c431b74b20b93b9ff6ea5e6af09e5ea1ebcb52b60595efbdde9d59a
