model_key,dispersion_group,pitchers,evaluated_outings_count,evaluated_pitches_count,total_qualified_outings,outings_with_available_score,outings_without_available_score,evaluation_opportunity_pitches,score_available_evaluation_pitches,pitch_level_scoring_coverage,outing_level_scoring_coverage,total_collapse_episodes,evaluated_episodes_count,collapse_episodes_detected,episode_recall,warning_precision,master_warning_count,censored_warnings,total_warnings,false_warnings,false_warnings_per_outing,clean_outing_false_alarm_rate,lead_time_mean_pitches,lead_time_median_pitches,lead_time_mean_pas,lead_time_median_pas,headline_denominators,run_id,protocol_sha256
global,fallback,2,22,1318,22,22,0,1323,1318,0.9962207105064248,1.0,47,47,4,0.0851063829787234,0.5,14,6,8,4,0.18181818181818182,0.5,8.25,8.5,2.5,2.5,"{'episode_recall': 47, 'warning_precision': 8, 'false_warnings_per_outing': 22, 'clean_outing_false_alarm_rate': 2, 'pitch_level_scoring_coverage': 1323, 'outing_level_scoring_coverage': 22}",7f6d93243a7e47d3a78948198dce6f30,bb4dcd5a4c431b74b20b93b9ff6ea5e6af09e5ea1ebcb52b60595efbdde9d59a
global,high,16,207,13088,207,207,0,13273,13088,0.9860619302343102,1.0,445,445,28,0.06292134831460675,0.2978723404255319,143,49,94,66,0.3188405797101449,0.42857142857142855,7.535714285714286,8.0,2.25,2.0,"{'episode_recall': 445, 'warning_precision': 94, 'false_warnings_per_outing': 207, 'clean_outing_false_alarm_rate': 7, 'pitch_level_scoring_coverage': 13273, 'outing_level_scoring_coverage': 207}",7f6d93243a7e47d3a78948198dce6f30,bb4dcd5a4c431b74b20b93b9ff6ea5e6af09e5ea1ebcb52b60595efbdde9d59a
global,low,17,217,13494,217,217,0,13714,13494,0.9839579991249817,1.0,481,481,33,0.06860706860706861,0.39759036144578314,152,69,83,50,0.2304147465437788,0.3333333333333333,5.878787878787879,4.0,1.9696969696969697,2.0,"{'episode_recall': 481, 'warning_precision': 83, 'false_warnings_per_outing': 217, 'clean_outing_false_alarm_rate': 12, 'pitch_level_scoring_coverage': 13714, 'outing_level_scoring_coverage': 217}",7f6d93243a7e47d3a78948198dce6f30,bb4dcd5a4c431b74b20b93b9ff6ea5e6af09e5ea1ebcb52b60595efbdde9d59a
scale_half,fallback,2,22,1318,22,22,0,1323,1318,0.9962207105064248,1.0,47,47,1,0.02127659574468085,0.3333333333333333,3,0,3,2,0.09090909090909091,0.5,1.0,1.0,1.0,1.0,"{'episode_recall': 47, 'warning_precision': 3, 'false_warnings_per_outing': 22, 'clean_outing_false_alarm_rate': 2, 'pitch_level_scoring_coverage': 1323, 'outing_level_scoring_coverage': 22}",7f6d93243a7e47d3a78948198dce6f30,bb4dcd5a4c431b74b20b93b9ff6ea5e6af09e5ea1ebcb52b60595efbdde9d59a
scale_half,high,16,207,13088,207,207,0,13273,13088,0.9860619302343102,1.0,445,445,18,0.04044943820224719,0.4090909090909091,67,23,44,26,0.12560386473429952,0.2857142857142857,5.222222222222222,4.0,1.6111111111111112,1.0,"{'episode_recall': 445, 'warning_precision': 44, 'false_warnings_per_outing': 207, 'clean_outing_false_alarm_rate': 7, 'pitch_level_scoring_coverage': 13273, 'outing_level_scoring_coverage': 207}",7f6d93243a7e47d3a78948198dce6f30,bb4dcd5a4c431b74b20b93b9ff6ea5e6af09e5ea1ebcb52b60595efbdde9d59a
scale_half,low,17,217,13494,217,217,0,13714,13494,0.9839579991249817,1.0,481,481,61,0.12681912681912683,0.29901960784313725,252,48,204,143,0.6589861751152074,0.75,7.327868852459017,7.0,2.2295081967213113,2.0,"{'episode_recall': 481, 'warning_precision': 204, 'false_warnings_per_outing': 217, 'clean_outing_false_alarm_rate': 12, 'pitch_level_scoring_coverage': 13714, 'outing_level_scoring_coverage': 217}",7f6d93243a7e47d3a78948198dce6f30,bb4dcd5a4c431b74b20b93b9ff6ea5e6af09e5ea1ebcb52b60595efbdde9d59a
proposed,fallback,2,22,1318,22,22,0,1323,1318,0.9962207105064248,1.0,47,47,3,0.06382978723404255,0.6,8,3,5,2,0.09090909090909091,0.5,5.0,5.0,1.3333333333333333,1.0,"{'episode_recall': 47, 'warning_precision': 5, 'false_warnings_per_outing': 22, 'clean_outing_false_alarm_rate': 2, 'pitch_level_scoring_coverage': 1323, 'outing_level_scoring_coverage': 22}",7f6d93243a7e47d3a78948198dce6f30,bb4dcd5a4c431b74b20b93b9ff6ea5e6af09e5ea1ebcb52b60595efbdde9d59a
proposed,high,16,207,13088,207,207,0,13273,13088,0.9860619302343102,1.0,445,445,24,0.05393258426966292,0.36923076923076925,100,35,65,41,0.19806763285024154,0.2857142857142857,6.708333333333333,6.5,2.0,2.0,"{'episode_recall': 445, 'warning_precision': 65, 'false_warnings_per_outing': 207, 'clean_outing_false_alarm_rate': 7, 'pitch_level_scoring_coverage': 13273, 'outing_level_scoring_coverage': 207}",7f6d93243a7e47d3a78948198dce6f30,bb4dcd5a4c431b74b20b93b9ff6ea5e6af09e5ea1ebcb52b60595efbdde9d59a
proposed,low,17,217,13494,217,217,0,13714,13494,0.9839579991249817,1.0,481,481,57,0.11850311850311851,0.29381443298969073,246,52,194,137,0.631336405529954,0.75,7.157894736842105,7.0,2.1403508771929824,2.0,"{'episode_recall': 481, 'warning_precision': 194, 'false_warnings_per_outing': 217, 'clean_outing_false_alarm_rate': 12, 'pitch_level_scoring_coverage': 13714, 'outing_level_scoring_coverage': 217}",7f6d93243a7e47d3a78948198dce6f30,bb4dcd5a4c431b74b20b93b9ff6ea5e6af09e5ea1ebcb52b60595efbdde9d59a
scale_double,fallback,2,22,1318,22,22,0,1323,1318,0.9962207105064248,1.0,47,47,4,0.0851063829787234,0.5,14,6,8,4,0.18181818181818182,0.5,8.0,8.0,2.25,2.0,"{'episode_recall': 47, 'warning_precision': 8, 'false_warnings_per_outing': 22, 'clean_outing_false_alarm_rate': 2, 'pitch_level_scoring_coverage': 1323, 'outing_level_scoring_coverage': 22}",7f6d93243a7e47d3a78948198dce6f30,bb4dcd5a4c431b74b20b93b9ff6ea5e6af09e5ea1ebcb52b60595efbdde9d59a
scale_double,high,16,207,13088,207,207,0,13273,13088,0.9860619302343102,1.0,445,445,26,0.058426966292134834,0.3170731707317073,123,41,82,56,0.27053140096618356,0.2857142857142857,6.6923076923076925,7.0,2.1153846153846154,2.0,"{'episode_recall': 445, 'warning_precision': 82, 'false_warnings_per_outing': 207, 'clean_outing_false_alarm_rate': 7, 'pitch_level_scoring_coverage': 13273, 'outing_level_scoring_coverage': 207}",7f6d93243a7e47d3a78948198dce6f30,bb4dcd5a4c431b74b20b93b9ff6ea5e6af09e5ea1ebcb52b60595efbdde9d59a
scale_double,low,17,217,13494,217,217,0,13714,13494,0.9839579991249817,1.0,481,481,54,0.11226611226611227,0.30857142857142855,232,57,175,121,0.5576036866359447,0.6666666666666666,6.481481481481482,5.0,1.9444444444444444,2.0,"{'episode_recall': 481, 'warning_precision': 175, 'false_warnings_per_outing': 217, 'clean_outing_false_alarm_rate': 12, 'pitch_level_scoring_coverage': 13714, 'outing_level_scoring_coverage': 217}",7f6d93243a7e47d3a78948198dce6f30,bb4dcd5a4c431b74b20b93b9ff6ea5e6af09e5ea1ebcb52b60595efbdde9d59a
